2024,Open,High,Low,Last,Unnamed: 5,2023,Open.1,High.1,Low.1,Last.1,Unnamed: 11,2022,Open.2,High.2,Low.2,Last.2,Unnamed: 17,2021,Open.3,High.3,Low.3,Last.3,Unnamed: 23,2020,Open.4,High.4,Low.4,Last.4
2022-11-29,,,,-0.002,,2021-11-29,,,,0.001,,2020-11-27,,,,0.0,,2019-12-09,,,,-0.0015,,2018-11-29,,,,0.0
2022-11-30,,,,0.0005,,2021-11-30,,,,0.004,,2020-11-30,,,,0.0,,2019-12-10,,,,-0.0015,,2018-11-30,,,,-0.0005
2022-12-01,,,,0.001,,2021-12-01,,,,0.004,,2020-12-01,,,,0.0,,2019-12-11,,,,-0.0015,,2018-12-03,,,,0.0
2022-12-02,,,,0.001,,2021-12-02,,,,0.005,,2020-12-02,,,,0.0,,2019-12-12,,,,-0.0015,,2018-12-04,,,,-0.002
2022-12-05,,,,0.001,,2021-12-03,,,,0.002,,2020-12-03,,,,0.0005,,2019-12-13,,,,-0.0015,,2018-12-05,,,,-0.002
2022-12-06,,,,0.001,,2021-12-06,,,,0.005,,2020-12-04,,,,0.0005,,2019-12-16,,,,-0.002,,2018-12-06,,,,-0.002
2022-12-07,,,,0.01,,2021-12-07,,,,0.006,,2020-12-07,,,,0.0005,,2019-12-17,,,,-0.002,,2018-12-07,,,,-0.002
2022-12-08,,,,0.01,,2021-12-08,,,,0.004,,2020-12-08,,,,0.0005,,2019-12-18,,,,-0.002,,2018-12-10,,,,-0.002
2022-12-09,,,,0.007,,2021-12-09,,,,0.0025,,2020-12-09,,,,0.0005,,2019-12-19,,,,-0.0005,,2018-12-11,,,,-0.002
2022-12-12,,,,0.007,,2021-12-10,,,,-0.007,,2020-12-10,,,,0.0005,,2019-12-20,,,,-0.0005,,2018-12-12,,,,-0.002
2022-12-13,,,,0.007,,2021-12-13,,,,0.0025,,2020-12-11,,,,0.0005,,2019-12-23,,,,-0.001,,2018-12-13,,,,-0.002
2022-12-14,,,,0.007,,2021-12-14,,,,0.0025,,2020-12-14,,,,0.0005,,2019-12-24,,,,-0.001,,2018-12-14,,,,-0.001
2022-12-15,,,,0.007,,2021-12-15,,,,0.004,,2020-12-15,,,,0.002,,2019-12-26,,,,-0.0005,,2018-12-17,,,,-0.001
2022-12-16,,,,0.007,,2021-12-16,,,,0.004,,2020-12-16,,,,0.002,,2019-12-27,,,,0.0,,2018-12-18,,,,-0.0005
2022-12-19,,,,0.007,,2021-12-17,,,,0.004,,2020-12-17,,,,0.002,,2019-12-30,,,,0.0005,,2018-12-19,,,,-0.0005
2022-12-20,,,,0.007,,2021-12-20,,,,0.004,,2020-12-18,,,,0.0025,,2019-12-31,,,,-0.0005,,2018-12-20,,,,-0.0005
2022-12-21,,,,0.007,,2021-12-21,,,,0.006,,2020-12-21,,,,0.003,,2020-01-02,,,,-0.0005,,2018-12-21,,,,-0.0005
2022-12-22,,,,0.007,,2021-12-22,,,,0.006,,2020-12-22,,,,0.003,,2020-01-03,,,,-0.0005,,2018-12-24,,,,-0.0005
2022-12-23,,,,0.007,,2021-12-23,,,,0.006,,2020-12-23,,,,0.003,,2020-01-06,,,,-0.0005,,2018-12-26,,,,-0.0005
2022-12-27,,,,0.002,,2021-12-27,,,,0.0055,,2020-12-24,,,,0.003,,2020-01-07,,,,-0.0005,,2018-12-27,,,,-0.002
2022-12-28,,,,0.003,,2021-12-28,,,,0.0055,,2020-12-28,,,,0.003,,2020-01-08,,,,-0.0005,,2018-12-28,,,,-0.002
2022-12-29,,,,0.0035,,2021-12-29,,,,0.0055,,2020-12-29,,,,0.003,,2020-01-09,,,,-0.0005,,2018-12-31,,,,-0.002
2022-12-30,,,,0.0045,,2021-12-30,,,,0.006,,2020-12-30,,,,0.003,,2020-01-10,,,,-0.0005,,2019-01-02,,,,-0.002
2023-01-03,,,,0.0045,,2021-12-31,,,,0.01,,2020-12-31,,,,0.003,,2020-01-13,,,,-0.0005,,2019-01-03,,,,-0.0045
2023-01-04,,,,0.0045,,2022-01-03,,,,0.009,,2021-01-04,,,,0.003,,2020-01-14,,,,-0.0005,,2019-01-04,,,,-0.0045
2023-01-05,,,,0.0045,,2022-01-04,,,,0.007,,2021-01-05,,,,0.003,,2020-01-15,,,,-0.0005,,2019-01-07,,,,-0.0025
2023-01-06,,,,0.005,,2022-01-05,,,,0.0045,,2021-01-06,,,,0.003,,2020-01-16,,,,-0.0005,,2019-01-08,,,,-0.0025
2023-01-09,,,,0.005,,2022-01-06,,,,0.0075,,2021-01-07,,,,0.0035,,2020-01-17,,,,-0.0005,,2019-01-09,,,,-0.0025
2023-01-10,,,,0.005,,2022-01-07,,,,0.0075,,2021-01-08,,,,0.0035,,2020-01-21,,,,-0.0005,,2019-01-10,,,,-0.0025
2023-01-11,,,,0.005,,2022-01-10,,,,0.0075,,2021-01-11,,,,0.0035,,2020-01-22,,,,0.0,,2019-01-11,,,,-0.0025
2023-01-12,,,,0.005,,2022-01-11,,,,0.0075,,2021-01-12,,,,0.0035,,2020-01-23,,,,0.0,,2019-01-14,,,,-0.0025
2023-01-13,,,,0.005,,2022-01-12,,,,0.0105,,2021-01-13,,,,0.003,,2020-01-24,,,,0.0,,2019-01-15,,,,-0.0025
2023-01-17,,,,0.005,,2022-01-13,,,,0.0105,,2021-01-14,,,,0.0035,,2020-01-27,,,,0.0005,,2019-01-16,,,,-0.002
2023-01-18,,,,0.0055,,2022-01-14,,,,0.0115,,2021-01-15,,,,0.004,,2020-01-28,,,,0.0005,,2019-01-17,,,,0.0
2023-01-19,,,,0.0055,,2022-01-18,,,,0.013,,2021-01-19,,,,0.004,,2020-01-29,,,,-0.002,,2019-01-18,,,,0.0
2023-01-20,,,,0.0055,,2022-01-19,,,,0.0175,,2021-01-20,,,,0.004,,2020-01-30,,,,-0.002,,2019-01-22,,,,-0.0015
2023-01-23,,,,0.005,,2022-01-20,,,,0.016,,2021-01-21,,,,0.004,,2020-01-31,,,,-0.003,,2019-01-23,,,,-0.0025
2023-01-24,,,,0.007,,2022-01-21,,,,0.016,,2021-01-22,,,,0.003,,2020-02-03,,,,-0.003,,2019-01-24,,,,-0.0025
2023-01-25,,,,0.007,,2022-01-24,,,,0.019,,2021-01-25,,,,0.004,,2020-02-04,,,,-0.003,,2019-01-25,,,,-0.001
2023-01-26,,,,0.007,,2022-01-25,,,,0.015,,2021-01-26,,,,0.004,,2020-02-05,,,,-0.003,,2019-01-28,,,,-0.0005
2023-01-27,,,,0.007,,2022-01-26,,,,0.0165,,2021-01-27,,,,0.0035,,2020-02-06,,,,-0.0015,,2019-01-29,,,,-0.0005
2023-01-30,,,,0.005,,2022-01-27,,,,0.016,,2021-01-28,,,,0.0035,,2020-02-07,,,,-0.0015,,2019-01-30,,,,0.0005
2023-01-31,,,,0.005,,2022-01-28,,,,0.013,,2021-01-29,,,,0.002,,2020-02-10,,,,-0.0015,,2019-01-31,,,,-0.001
2023-02-01,,,,0.005,,2022-01-31,0.015,0.015,0.015,0.017,,2021-02-01,,,,0.0025,,2020-02-11,,,,-0.0015,,2019-02-01,,,,-0.001
2023-02-02,,,,0.005,,2022-02-01,,,,0.016,,2021-02-02,,,,0.0025,,2020-02-12,,,,-0.0015,,2019-02-04,,,,-0.0005
2023-02-03,,,,0.005,,2022-02-02,,,,0.0185,,2021-02-03,,,,0.0025,,2020-02-13,,,,-0.0015,,2019-02-05,,,,-0.001
2023-02-06,,,,0.005,,2022-02-03,,,,0.018,,2021-02-04,,,,0.0035,,2020-02-14,,,,-0.001,,2019-02-06,,,,-0.0005
2023-02-07,,,,0.007,,2022-02-04,,,,0.0175,,2021-02-05,,,,0.004,,2020-02-18,,,,-0.002,,2019-02-07,,,,-0.0005
2023-02-08,,,,0.0075,,2022-02-07,,,,0.017,,2021-02-08,0.004,0.004,0.004,0.004,,2020-02-19,,,,-0.002,,2019-02-08,,,,-0.001
2023-02-09,,,,0.0075,,2022-02-08,,,,0.018,,2021-02-09,,,,0.0065,,2020-02-20,,,,-0.002,,2019-02-11,,,,0.0
2023-02-10,,,,0.0075,,2022-02-09,0.018,0.0185,0.018,0.019,,2021-02-10,,,,0.007,,2020-02-21,,,,-0.002,,2019-02-12,,,,-0.0005
2023-02-13,,,,0.0075,,2022-02-10,,,,0.0195,,2021-02-11,,,,0.007,,2020-02-24,,,,-0.002,,2019-02-13,,,,-0.0005
2023-02-14,,,,0.0075,,2022-02-11,,,,0.0185,,2021-02-12,,,,0.007,,2020-02-25,,,,-0.002,,2019-02-14,,,,-0.0005
2023-02-15,,,,0.0075,,2022-02-14,,,,0.021,,2021-02-16,,,,0.0055,,2020-02-26,,,,-0.002,,2019-02-15,,,,-0.0005
2023-02-16,,,,0.0075,,2022-02-15,,,,0.0205,,2021-02-17,,,,0.0055,,2020-02-27,,,,-0.0015,,2019-02-19,,,,0.0
2023-02-17,,,,0.0075,,2022-02-16,,,,0.0205,,2021-02-18,,,,0.0055,,2020-02-28,,,,-0.002,,2019-02-20,,,,0.0005
2023-02-21,,,,0.0075,,2022-02-17,,,,0.02,,2021-02-19,,,,0.0085,,2020-03-02,,,,-0.002,,2019-02-21,,,,-0.0045
2023-02-22,,,,0.0075,,2022-02-18,,,,0.02,,2021-02-22,,,,0.01,,2020-03-03,,,,-0.002,,2019-02-22,,,,-0.001
2023-02-23,,,,0.0075,,2022-02-22,,,,0.02,,2021-02-23,,,,0.009,,2020-03-04,,,,-0.002,,2019-02-25,,,,0.0
2023-02-24,0.005,0.005,0.005,0.005,,2022-02-23,,,,0.019,,2021-02-24,,,,0.009,,2020-03-05,,,,-0.002,,2019-02-26,,,,-0.0005
2023-02-27,,,,0.005,,2022-02-24,,,,0.019,,2021-02-25,,,,0.01,,2020-03-06,,,,-0.002,,2019-02-27,,,,-0.0005
2023-02-28,,,,0.005,,2022-02-25,,,,0.016,,2021-02-26,,,,0.0105,,2020-03-09,,,,-0.002,,2019-02-28,,,,-0.0015
2023-03-01,,,,0.005,,2022-02-28,,,,0.0165,,2021-03-01,,,,0.0105,,2020-03-10,,,,-0.002,,2019-03-01,,,,-0.001
2023-03-02,,,,0.004,,2022-03-01,,,,0.0145,,2021-03-02,,,,0.0095,,2020-03-11,,,,-0.002,,2019-03-04,,,,-0.0015
2023-03-03,,,,0.004,,2022-03-02,,,,0.0145,,2021-03-03,,,,0.0095,,2020-03-12,,,,-0.002,,2019-03-05,,,,-0.001
2023-03-06,0.0035,0.0035,0.0035,0.004,,2022-03-03,,,,0.018,,2021-03-04,0.0095,0.0095,0.0095,0.01,,2020-03-13,,,,-0.002,,2019-03-06,,,,0.0
2023-03-07,,,,0.004,,2022-03-04,,,,0.018,,2021-03-05,,,,0.01,,2020-03-16,,,,-0.002,,2019-03-07,,,,-0.0005
2023-03-08,,,,0.004,,2022-03-07,,,,0.0175,,2021-03-08,,,,0.01,,2020-03-17,,,,-0.002,,2019-03-08,,,,-0.0005
2023-03-09,,,,0.005,,2022-03-08,,,,0.0125,,2021-03-09,,,,0.0085,,2020-03-18,,,,-0.002,,2019-03-11,,,,-0.0005
2023-03-10,,,,0.005,,2022-03-09,,,,0.018,,2021-03-10,,,,0.006,,2020-03-19,,,,-0.003,,2019-03-12,,,,-0.001
2023-03-13,,,,0.005,,2022-03-10,,,,0.021,,2021-03-11,,,,0.005,,2020-03-20,,,,-0.001,,2019-03-13,,,,-0.001
2023-03-14,,,,0.0065,,2022-03-11,,,,0.02,,2021-03-12,,,,0.005,,2020-03-23,,,,-0.0005,,2019-03-14,,,,-0.0005
2023-03-15,,,,0.0065,,2022-03-14,,,,0.013,,2021-03-15,,,,0.009,,2020-03-24,,,,-0.0005,,2019-03-15,,,,-0.001
2023-03-16,,,,0.0065,,2022-03-15,0.02,0.02,0.02,0.013,,2021-03-16,,,,0.008,,2020-03-25,,,,-0.0005,,2019-03-18,,,,-0.0005
2023-03-17,,,,0.006,,2022-03-16,,,,0.0145,,2021-03-17,,,,0.008,,2020-03-26,,,,-0.0005,,2019-03-19,,,,0.0
2023-03-20,,,,0.006,,2022-03-17,,,,0.016,,2021-03-18,,,,0.008,,2020-03-27,,,,-0.003,,2019-03-20,,,,-0.001
2023-03-21,,,,0.006,,2022-03-18,0.025,0.025,0.025,0.018,,2021-03-19,,,,0.0085,,2020-03-30,,,,-0.0005,,2019-03-21,,,,-0.0015
2023-03-22,,,,0.006,,2022-03-21,,,,0.018,,2021-03-22,,,,0.0085,,2020-03-31,,,,0.0,,2019-03-22,,,,-0.002
2023-03-23,,,,0.0065,,2022-03-22,,,,0.0155,,2021-03-23,,,,0.006,,2020-04-01,,,,-0.0005,,2019-03-25,,,,-0.0015
2023-03-24,,,,0.0065,,2022-03-23,,,,0.01,,2021-03-24,,,,0.002,,2020-04-02,,,,-0.0005,,2019-03-26,,,,-0.002
2023-03-27,,,,0.0065,,2022-03-24,,,,0.01,,2021-03-25,,,,0.002,,2020-04-03,,,,-0.0005,,2019-03-27,,,,-0.002
2023-03-28,,,,0.007,,2022-03-25,,,,0.008,,2021-03-26,,,,0.002,,2020-04-06,,,,-0.0025,,2019-03-28,,,,-0.002
2023-03-29,,,,0.0075,,2022-03-28,,,,0.011,,2021-03-29,,,,0.0035,,2020-04-07,,,,-0.001,,2019-03-29,,,,-0.002
2023-03-30,,,,0.0075,,2022-03-29,,,,0.011,,2021-03-30,,,,0.0025,,2020-04-08,,,,-0.0025,,2019-04-01,,,,-0.0015
2023-03-31,,,,0.0075,,2022-03-30,,,,0.0115,,2021-03-31,,,,0.003,,2020-04-09,,,,-0.0025,,2019-04-02,,,,-0.0015
2023-04-03,,,,0.0075,,2022-03-31,,,,0.011,,2021-04-01,,,,0.0045,,2020-04-13,,,,-0.001,,2019-04-03,,,,-0.002
2023-04-04,,,,0.0075,,2022-04-01,,,,0.01,,2021-04-05,,,,0.007,,2020-04-14,,,,-0.0005,,2019-04-04,-0.001,-0.001,-0.001,-0.0035
2023-04-05,,,,0.0075,,2022-04-04,,,,0.011,,2021-04-06,,,,0.007,,2020-04-15,,,,0.0,,2019-04-05,-0.001,-0.001,-0.001,0.001
2023-04-06,,,,0.0075,,2022-04-05,,,,0.008,,2021-04-07,0.0025,0.0025,0.0025,0.006,,2020-04-16,,,,0.0,,2019-04-08,,,,0.0015
2023-04-10,,,,0.0075,,2022-04-06,,,,0.008,,2021-04-08,,,,0.007,,2020-04-17,,,,0.0,,2019-04-09,,,,0.001
2023-04-11,,,,0.0075,,2022-04-07,,,,0.0125,,2021-04-09,,,,0.007,,2020-04-20,,,,-0.0005,,2019-04-10,,,,0.0015
2023-04-12,,,,0.0075,,2022-04-08,,,,0.0125,,2021-04-12,0.0075,0.0075,0.0075,0.007,,2020-04-21,,,,-0.001,,2019-04-11,,,,0.002
2023-04-13,,,,0.0075,,2022-04-11,,,,0.0115,,2021-04-13,,,,0.0075,,2020-04-22,,,,0.0,,2019-04-12,,,,0.0015
2023-04-14,,,,0.0075,,2022-04-12,,,,0.0115,,2021-04-14,,,,0.0085,,2020-04-23,,,,0.0,,2019-04-15,0.0015,0.0015,0.0015,0.002
2023-04-17,,,,0.0075,,2022-04-13,,,,0.0115,,2021-04-15,,,,0.0085,,2020-04-24,,,,0.0,,2019-04-16,,,,0.002
2023-04-18,,,,0.0075,,2022-04-14,,,,0.0115,,2021-04-16,,,,0.0075,,2020-04-27,,,,0.0005,,2019-04-17,0.002,0.002,0.002,0.002
2023-04-19,,,,0.0075,,2022-04-18,,,,0.0125,,2021-04-19,,,,0.007,,2020-04-28,,,,0.0,,2019-04-18,,,,0.002
2023-04-20,,,,0.0075,,2022-04-19,,,,0.011,,2021-04-20,,,,0.0065,,2020-04-29,,,,0.0,,2019-04-22,,,,0.0025
2023-04-21,,,,0.0045,,2022-04-20,,,,0.0105,,2021-04-21,,,,0.0065,,2020-04-30,,0.0005,,-0.0005,,2019-04-23,,,,0.002
2023-04-24,,,,0.0045,,2022-04-21,,,,0.0115,,2021-04-22,,,,0.006,,2020-05-01,,,,-0.0025,,2019-04-24,0.0015,0.0015,0.0015,0.0015
2023-04-25,,,,0.0045,,2022-04-22,,,,0.012,,2021-04-23,,,,0.006,,2020-05-04,,,,-0.0025,,2019-04-25,,,,0.0025
2023-04-26,,,,0.005,,2022-04-25,0.008,0.008,0.008,0.01,,2021-04-26,,,,0.0065,,2020-05-05,,,,-0.0015,,2019-04-26,,,,0.004
2023-04-27,,,,0.005,,2022-04-26,0.008,0.008,0.008,0.0105,,2021-04-27,,,,0.008,,2020-05-06,,,,-0.0015,,2019-04-29,,,,0.001
2023-04-28,,,,0.0045,,2022-04-27,,,,0.0105,,2021-04-28,,,,0.0085,,2020-05-07,,,,-0.001,,2019-04-30,,,,0.0035
2023-05-01,,,,0.0045,,2022-04-28,,,,0.0105,,2021-04-29,,,,0.0085,,2020-05-08,,,,-0.001,,2019-05-01,,,,0.0005
2023-05-02,,,,0.0045,,2022-04-29,,,,0.0115,,2021-04-30,,,,0.0105,,2020-05-11,,,,-0.001,,2019-05-02,,,,0.001
2023-05-03,,,,0.0045,,2022-05-02,,,,0.011,,2021-05-03,,,,0.0085,,2020-05-12,,,,-0.0005,,2019-05-03,,,,0.0005
2023-05-04,,,,0.003,,2022-05-03,0.008,0.008,0.007,0.011,,2021-05-04,,,,0.008,,2020-05-13,,,,-0.0025,,2019-05-06,,,,0.001
2023-05-05,,,,0.003,,2022-05-04,,,,0.0115,,2021-05-05,,,,0.008,,2020-05-14,,,,-0.0005,,2019-05-07,,,,0.0
2023-05-08,,,,0.003,,2022-05-05,,,,0.0115,,2021-05-06,,,,0.008,,2020-05-15,,,,-0.0005,,2019-05-08,,,,0.0
2023-05-09,,,,0.003,,2022-05-06,,,,0.0105,,2021-05-07,,,,0.009,,2020-05-18,,,,-0.001,,2019-05-09,,,,0.0
2023-05-10,,,,0.0025,,2022-05-09,,,,0.0105,,2021-05-10,,,,0.0095,,2020-05-19,,,,-0.0015,,2019-05-10,,,,-0.0005
2023-05-11,,,,0.0025,,2022-05-10,,,,0.011,,2021-05-11,,,,0.009,,2020-05-20,,,,-0.0015,,2019-05-13,,,,-0.0005
2023-05-12,,,,0.002,,2022-05-11,,,,0.0115,,2021-05-12,,,,0.009,,2020-05-21,,,,-0.0015,,2019-05-14,,,,0.0
2023-05-15,,,,0.0015,,2022-05-12,,,,0.011,,2021-05-13,,,,0.0085,,2020-05-22,,,,-0.002,,2019-05-15,,,,0.0005
2023-05-16,,,,0.0015,,2022-05-13,,,,0.011,,2021-05-14,,,,0.007,,2020-05-26,,,,-0.002,,2019-05-16,,,,0.0015
2023-05-17,,,,0.0015,,2022-05-16,,,,0.011,,2021-05-17,,,,0.008,,2020-05-27,,,,-0.0015,,2019-05-17,,,,0.0005
2023-05-18,,,,0.0005,,2022-05-17,,,,0.0105,,2021-05-18,,,,0.01,,2020-05-28,,,,-0.0025,,2019-05-20,,,,0.0015
2023-05-19,,,,0.0005,,2022-05-18,,,,0.0105,,2021-05-19,,,,0.0055,,2020-05-29,,,,-0.002,,2019-05-21,,,,0.0
2023-05-22,,,,-0.0005,,2022-05-19,,,,0.0115,,2021-05-20,,,,0.0055,,2020-06-01,,,,-0.001,,2019-05-22,,,,-0.001
2023-05-23,,,,-0.0005,,2022-05-20,,,,0.011,,2021-05-21,,,,0.0065,,2020-06-02,,,,-0.0005,,2019-05-23,,,,-0.001
2023-05-24,,,,-0.0005,,2022-05-23,,,,0.011,,2021-05-24,,,,0.0045,,2020-06-03,,,,-0.001,,2019-05-24,,,,0.0005
2023-05-25,,,,-0.0015,,2022-05-24,,,,0.0115,,2021-05-25,,,,0.0035,,2020-06-04,,,,-0.001,,2019-05-28,0.0015,0.0015,0.0015,0.0005
2023-05-26,,,,0.0,,2022-05-25,,,,0.01,,2021-05-26,,,,0.0035,,2020-06-05,,,,-0.0015,,2019-05-29,0.0005,0.0005,0.0005,-0.0005
2023-05-30,,,,0.0,,2022-05-26,0.01,0.01,0.01,0.0105,,2021-05-27,,,,0.0035,,2020-06-08,,,,-0.001,,2019-05-30,,,,-0.001
2023-05-31,,,,0.0,,2022-05-27,,,,0.0105,,2021-05-28,,,,0.002,,2020-06-09,,,,-0.001,,2019-05-31,,,,-0.0005
2023-06-01,,,,0.0,,2022-05-31,,,,0.0105,,2021-06-01,,,,0.0035,,2020-06-10,,,,-0.001,,2019-06-03,,,,-0.0005
2023-06-02,,,,0.0005,,2022-06-01,,,,0.0105,,2021-06-02,,,,0.0055,,2020-06-11,,,,-0.0015,,2019-06-04,,,,-0.0005
2023-06-05,,,,0.0005,,2022-06-02,,,,0.0105,,2021-06-03,0.007,0.007,0.007,0.005,,2020-06-12,,,,-0.001,,2019-06-05,,,,-0.001
2023-06-06,,,,0.0005,,2022-06-03,,,,0.0105,,2021-06-04,,,,0.005,,2020-06-15,,,,-0.0015,,2019-06-06,-0.0005,-0.0005,-0.0005,-0.0005
2023-06-07,,,,0.005,,2022-06-06,,,,0.0105,,2021-06-07,,,,0.004,,2020-06-16,,,,-0.0025,,2019-06-07,,,,0.0
2023-06-08,,,,0.005,,2022-06-07,,,,0.0095,,2021-06-08,,,,0.004,,2020-06-17,,,,-0.002,,2019-06-10,,,,-0.0005
2023-06-09,,,,0.0045,,2022-06-08,,,,0.0095,,2021-06-09,,,,0.004,,2020-06-18,,,,-0.0015,,2019-06-11,,,,-0.0005
2023-06-12,,,,0.004,,2022-06-09,,,,0.009,,2021-06-10,,,,0.0035,,2020-06-19,,,,-0.0015,,2019-06-12,,,,-0.0005
2023-06-13,,,,0.004,,2022-06-10,,,,0.009,,2021-06-11,,,,0.0045,,2020-06-22,,,,-0.0015,,2019-06-13,,,,-0.0005
2023-06-14,,,,0.005,,2022-06-13,,,,0.009,,2021-06-14,,,,0.0045,,2020-06-23,,,,-0.001,,2019-06-14,-0.0005,-0.0005,-0.0005,0.0
2023-06-15,,,,0.005,,2022-06-14,,,,0.0045,,2021-06-15,,,,0.0035,,2020-06-24,,,,-0.001,,2019-06-17,,,,0.0
2023-06-16,,,,0.005,,2022-06-15,,,,0.0045,,2021-06-16,0.006,0.006,0.006,0.005,,2020-06-25,,,,-0.001,,2019-06-18,,,,0.0
2023-06-20,,,,0.0055,,2022-06-16,0.004,0.004,0.004,0.0035,,2021-06-17,0.003,0.003,0.003,0.0015,,2020-06-26,,,,-0.0005,,2019-06-19,,,,-0.0005
2023-06-21,,,,0.0065,,2022-06-17,,,,0.0035,,2021-06-18,,,,0.0015,,2020-06-29,,,,-0.001,,2019-06-20,,,,-0.0005
2023-06-22,,,,0.0065,,2022-06-21,,,,0.0045,,2021-06-21,,,,0.0025,,2020-06-30,,,,-0.0005,,2019-06-21,0.0015,0.0015,0.0015,-0.002
2023-06-23,,,,0.0065,,2022-06-22,,,,0.004,,2021-06-22,,,,0.003,,2020-07-01,,,,-0.001,,2019-06-24,,,,-0.0015
2023-06-26,,,,0.0065,,2022-06-23,,,,0.0035,,2021-06-23,,,,0.0035,,2020-07-02,,,,-0.001,,2019-06-25,,,,-0.001
2023-06-27,,,,0.0065,,2022-06-24,,,,0.003,,2021-06-24,,,,0.0035,,2020-07-06,,,,-0.001,,2019-06-26,,,-0.0005,-0.0005
2023-06-28,,,,0.0065,,2022-06-27,,,,0.002,,2021-06-25,0.003,0.003,0.003,0.005,,2020-07-07,,,,-0.0005,,2019-06-27,,,,-0.0005
2023-06-29,,,,0.0065,,2022-06-28,,,,0.0005,,2021-06-28,,,,0.005,,2020-07-08,,,,0.0,,2019-06-28,0.0005,0.0005,0.0005,0.0
2023-06-30,,,,0.0065,,2022-06-29,,,,0.0005,,2021-06-29,,,,0.007,,2020-07-09,,,,0.0,,2019-07-01,,,,0.0
2023-07-03,,,,0.0065,,2022-06-30,0.005,0.005,0.005,0.002,,2021-06-30,,,,0.0065,,2020-07-10,,,,-0.0005,,2019-07-02,,,,0.0
2023-07-05,,,,0.0065,,2022-07-01,,,,0.001,,2021-07-01,,,,0.0055,,2020-07-13,,,,0.0,,2019-07-03,,,,0.0
2023-07-06,,,,0.0055,,2022-07-05,,,,0.001,,2021-07-02,,,,0.0055,,2020-07-14,,,,-0.0005,,2019-07-05,,,,0.0
2023-07-07,,,,0.0055,,2022-07-06,,,,0.0015,,2021-07-06,,,,0.0055,,2020-07-15,,,,-0.0005,,2019-07-08,,,,0.0
2023-07-10,,,,0.0055,,2022-07-07,,,,0.0035,,2021-07-07,,,,0.0065,,2020-07-16,,,,-0.001,,2019-07-09,,,,0.0
2023-07-11,,,,0.005,,2022-07-08,,,,0.001,,2021-07-08,,,,0.0055,,2020-07-17,,,,0.0,,2019-07-10,,,,0.0
2023-07-12,,,,0.005,,2022-07-11,,,,0.0015,,2021-07-09,,,,0.0035,,2020-07-20,,,,-0.002,,2019-07-11,,,,0.0
2023-07-13,,,,0.0055,,2022-07-12,,,,0.0015,,2021-07-12,,,,0.0035,,2020-07-21,,,,-0.001,,2019-07-12,,,,0.0
2023-07-14,,,,0.0055,,2022-07-13,0.001,0.001,0.001,0.0015,,2021-07-13,,,,0.0035,,2020-07-22,,,,-0.0005,,2019-07-15,,,,-0.002
2023-07-17,,,,0.0055,,2022-07-14,,,,0.0,,2021-07-14,,,,0.0035,,2020-07-23,,,,0.0,,2019-07-16,-0.0005,-0.0005,-0.0005,-0.001
2023-07-18,,,,0.0055,,2022-07-15,,,,0.0005,,2021-07-15,,,,0.0035,,2020-07-24,,,,0.0,,2019-07-17,,,,-0.0005
2023-07-19,,,,0.0055,,2022-07-18,,,,0.0005,,2021-07-16,,,,0.0045,,2020-07-27,,,,-0.0015,,2019-07-18,-0.0005,-0.0005,-0.0005,-0.0005
2023-07-20,,,,0.0055,,2022-07-19,,,,0.0005,,2021-07-19,,,,0.0035,,2020-07-28,,,,0.0,,2019-07-19,,,,-0.0005
2023-07-21,,,,0.0055,,2022-07-20,,,,0.0,,2021-07-20,,,,0.0035,,2020-07-29,,,,-0.0005,,2019-07-22,,,,-0.0005
2023-07-24,,,,0.0055,,2022-07-21,,,,0.0005,,2021-07-21,,,,0.003,,2020-07-30,,,,0.0,,2019-07-23,,,,0.0
2023-07-25,,,,0.0055,,2022-07-22,,,,0.001,,2021-07-22,,,,0.003,,2020-07-31,,,,-0.0005,,2019-07-24,,,,-0.0005
2023-07-26,,,,0.0055,,2022-07-25,,,,0.0015,,2021-07-23,,,,0.005,,2020-08-03,,,,-0.001,,2019-07-25,,,,-0.0005
2023-07-27,,,,0.0055,,2022-07-26,,,,0.001,,2021-07-26,,,,0.008,,2020-08-04,,,,-0.001,,2019-07-26,,,,0.0005
2023-07-28,,,,0.0055,,2022-07-27,,,,0.001,,2021-07-27,,,,0.008,,2020-08-05,,,,-0.001,,2019-07-29,,,,-0.0005
2023-07-31,0.018,0.018,0.018,0.0055,,2022-07-28,,,,0.001,,2021-07-28,,,,0.007,,2020-08-06,,,,-0.0015,,2019-07-30,,,,0.0
2023-08-01,,,,0.0055,,2022-07-29,,,,0.0015,,2021-07-29,,,,0.007,,2020-08-07,,,,-0.0015,,2019-07-31,,,,-0.0005
2023-08-02,,,,0.0055,,2022-08-01,,,,0.0015,,2021-07-30,,,,0.0025,,2020-08-10,,,,-0.001,,2019-08-01,,,,-0.0005
2023-08-03,,,,0.005,,2022-08-02,,,,0.0015,,2021-08-02,0.002,0.002,0.002,0.002,,2020-08-11,,,,-0.001,,2019-08-02,,,,0.0
2023-08-04,,,,0.005,,2022-08-03,,,,0.0015,,2021-08-03,,,,0.001,,2020-08-12,,,,-0.0015,,2019-08-05,,,,-0.0005
2023-08-07,,,,0.0045,,2022-08-04,,,,0.0015,,2021-08-04,0.002,0.002,0.002,0.0005,,2020-08-13,,,,-0.001,,2019-08-06,,,,-0.0005
2023-08-08,,,,0.0045,,2022-08-05,,,,0.0015,,2021-08-05,,,,0.001,,2020-08-14,,,,-0.001,,2019-08-07,,,,-0.0005
2023-08-09,0.0165,0.0165,0.0165,0.0045,,2022-08-08,,,,0.0015,,2021-08-06,,,,0.004,,2020-08-17,,,,-0.0015,,2019-08-08,-0.0005,-0.0005,-0.001,-0.0015
2023-08-10,,,,0.004,,2022-08-09,0.006,0.006,0.006,0.002,,2021-08-09,,,,0.0035,,2020-08-18,,,,-0.001,,2019-08-09,,,,-0.0015
2023-08-11,,,,0.0035,,2022-08-10,,,,0.002,,2021-08-10,,,,0.0035,,2020-08-19,-0.001,-0.001,-0.001,-0.001,,2019-08-12,,,,-0.0015
2023-08-14,,,,0.004,,2022-08-11,,,,0.003,,2021-08-11,,,,0.0035,,2020-08-20,,,,-0.001,,2019-08-13,,,,-0.0015
2023-08-15,,,,0.0095,,2022-08-12,0.003,0.003,0.003,0.0035,,2021-08-12,,,,0.0035,,2020-08-21,,,,-0.001,,2019-08-14,,,,-0.0015
2023-08-16,,,,0.01,,2022-08-15,,,,0.003,,2021-08-13,,,,0.0035,,2020-08-24,-0.001,-0.001,-0.001,-0.0015,,2019-08-15,,,,-0.0015
2023-08-17,,,,0.0105,,2022-08-16,,,,0.003,,2021-08-16,,,,0.003,,2020-08-25,,,,-0.0015,,2019-08-16,,,,-0.0015
2023-08-18,,,,0.0115,,2022-08-17,,,,0.003,,2021-08-17,0.001,0.001,0.001,0.0015,,2020-08-26,,,,-0.001,,2019-08-19,,,,-0.002
2023-08-21,,,,0.011,,2022-08-18,,,,0.004,,2021-08-18,,,,0.002,,2020-08-27,,,,-0.001,,2019-08-20,,,,-0.002
2023-08-22,,,,0.011,,2022-08-19,,,,0.0035,,2021-08-19,,,,0.0045,,2020-08-28,-0.001,-0.001,-0.001,-0.001,,2019-08-21,,,,-0.0015
2023-08-23,,,,0.0115,,2022-08-22,,,,0.0035,,2021-08-20,,,,0.005,,2020-08-31,-0.001,-0.001,-0.001,-0.001,,2019-08-22,,,,-0.002
2023-08-24,,,,0.0115,,2022-08-23,,,,0.0035,,2021-08-23,,,,0.004,,2020-09-01,,,,-0.0015,,2019-08-23,,,,-0.002
2023-08-25,,,,0.011,,2022-08-24,,,,0.0035,,2021-08-24,,,,0.004,,2020-09-02,,,,-0.0015,,2019-08-26,,,,-0.002
2023-08-28,,,,0.011,,2022-08-25,,,,0.0035,,2021-08-25,,,,0.0045,,2020-09-03,,,,-0.0015,,2019-08-27,,,,-0.002
2023-08-29,,,,0.011,,2022-08-26,,,,0.003,,2021-08-26,0.008,0.008,0.008,0.0045,,2020-09-04,-0.001,-0.001,-0.001,0.0,,2019-08-28,,,,-0.002
2023-08-30,,,,0.011,,2022-08-29,,,,0.003,,2021-08-27,,,,0.006,,2020-09-08,-0.001,,-0.001,0.0005,,2019-08-29,,,,-0.002
2023-08-31,,,,0.011,,2022-08-30,,,,0.003,,2021-08-30,,,,0.006,,2020-09-09,0.0005,0.0005,0.0005,0.0,,2019-08-30,,,,-0.0005
2023-09-01,,,,0.01,,2022-08-31,,,,0.0025,,2021-08-31,,,,0.008,,2020-09-10,,,,0.0,,2019-09-03,,,,-0.0015
2023-09-05,0.01,0.01,0.01,0.01,,2022-09-01,,,,0.002,,2021-09-01,,,,0.0055,,2020-09-11,,,,0.0,,2019-09-04,,,,-0.0015
2023-09-06,,,,0.009,,2022-09-02,,,,0.002,,2021-09-02,,,,0.006,,2020-09-14,,,,0.0,,2019-09-05,,,,-0.0015
2023-09-07,,,,0.009,,2022-09-06,,,,0.0035,,2021-09-03,,,,0.0085,,2020-09-15,,,,0.0,,2019-09-06,,,,-0.001
2023-09-08,0.008,0.008,0.008,0.0085,,2022-09-07,,,,0.0035,,2021-09-07,,,,0.0075,,2020-09-16,,,,-0.0005,,2019-09-09,,,,-0.0005
2023-09-11,,,,0.0085,,2022-09-08,,,,0.004,,2021-09-08,,,,0.0085,,2020-09-17,,,,0.001,,2019-09-10,,,,-0.0005
2023-09-12,,,,0.009,,2022-09-09,0.004,0.004,0.004,0.004,,2021-09-09,,,,0.009,,2020-09-18,0.002,0.002,0.002,0.002,,2019-09-11,,,,-0.0015
2023-09-13,,,,0.0095,,2022-09-12,,,,0.004,,2021-09-10,,,,0.0105,,2020-09-21,,,,0.003,,2019-09-12,,,,-0.001
2023-09-14,,,,0.0045,,2022-09-13,,,,0.004,,2021-09-13,,,,0.011,,2020-09-22,,,,0.0035,,2019-09-13,,,,-0.001
2023-09-15,,,,0.007,,2022-09-14,,,,0.003,,2021-09-14,,,,0.011,,2020-09-23,,,,0.002,,2019-09-16,-0.001,-0.001,-0.001,-0.001
2023-09-18,0.0145,0.0145,0.0145,0.0065,,2022-09-15,,,,0.0035,,2021-09-15,,,,0.012,,2020-09-24,,,,0.002,,2019-09-17,,,,-0.001
2023-09-19,,,,0.0065,,2022-09-16,,,,0.006,,2021-09-16,0.012,0.012,0.012,0.012,,2020-09-25,,,,0.0015,,2019-09-18,,,,-0.0015
2023-09-20,,,,0.0065,,2022-09-19,,,,0.005,,2021-09-17,,,,0.012,,2020-09-28,,,,0.0,,2019-09-19,,,,-0.001
2023-09-21,,,,0.0055,,2022-09-20,,,,0.0045,,2021-09-20,0.012,0.012,0.012,0.0095,,2020-09-29,,,,0.0005,,2019-09-20,,,,-0.001
2023-09-22,,,,0.006,,2022-09-21,,,,0.004,,2021-09-21,,,,0.011,,2020-09-30,,,,0.0015,,2019-09-23,,,,-0.001
2023-09-25,,,,0.0055,,2022-09-22,,,,0.003,,2021-09-22,0.011,0.011,0.0105,0.011,,2020-10-01,,,,0.001,,2019-09-24,-0.001,-0.001,-0.001,-0.001
2023-09-26,,,,0.0055,,2022-09-23,,,,0.0025,,2021-09-23,,,,0.009,,2020-10-02,,,,0.001,,2019-09-25,,,,-0.001
2023-09-27,,,,0.006,,2022-09-26,,,,0.004,,2021-09-24,0.009,0.009,0.009,0.01,,2020-10-05,,,,0.0,,2019-09-26,,,,-0.001
2023-09-28,0.007,0.007,0.007,0.008,,2022-09-27,,,,0.0035,,2021-09-27,,,,0.01,,2020-10-06,,,,0.0005,,2019-09-27,,,,-0.001
2023-09-29,,,,0.007,,2022-09-28,,,,0.0055,,2021-09-28,,,,0.0095,,2020-10-07,,,,0.0005,,2019-09-30,-0.001,-0.001,-0.001,-0.0015
2023-10-02,,,,0.0055,,2022-09-29,,,,0.0065,,2021-09-29,0.011,0.011,0.011,0.0105,,2020-10-08,,,,0.0015,,2019-10-01,,,,-0.0015
2023-10-03,,,,0.006,,2022-09-30,,,,0.006,,2021-09-30,,,,0.0085,,2020-10-09,,,,0.0015,,2019-10-02,,,,-0.0015
2023-10-04,,,,0.0055,,2022-10-03,0.01,0.01,0.01,0.007,,2021-10-01,0.01,0.011,0.01,0.0075,,2020-10-12,,,,0.0005,,2019-10-03,,,,-0.0015
2023-10-05,,,,0.005,,2022-10-04,0.006,0.006,0.0055,0.0065,,2021-10-04,,,,0.0075,,2020-10-13,,,,0.0005,,2019-10-04,-0.001,-0.001,-0.001,-0.002
2023-10-06,,,,0.0055,,2022-10-05,0.007,0.007,0.0055,0.0055,,2021-10-05,,,,0.0095,,2020-10-14,,,,0.001,,2019-10-07,,,,-0.0015
2023-10-09,,,,0.0055,,2022-10-06,,,,0.007,,2021-10-06,,,,0.0095,,2020-10-15,,,,0.002,,2019-10-08,,,,-0.0015
2023-10-10,,,,0.0055,,2022-10-07,,,,0.009,,2021-10-07,,,,0.0095,,2020-10-16,,,,0.002,,2019-10-09,,,,-0.0015
2023-10-11,,,,0.004,,2022-10-10,,,,0.009,,2021-10-08,,,,0.0095,,2020-10-19,,,,0.002,,2019-10-10,-0.001,-0.001,-0.001,-0.0005
2023-10-12,,,,0.002,,2022-10-11,,,,0.0075,,2021-10-11,,,,0.0095,,2020-10-20,,,,0.003,,2019-10-11,,,,-0.0015
2023-10-13,,,,0.002,,2022-10-12,,,,0.008,,2021-10-12,,,,0.0105,,2020-10-21,,,,0.0025,,2019-10-14,,,,-0.0015
2023-10-16,,,,0.002,,2022-10-13,0.011,0.011,0.011,0.0085,,2021-10-13,0.009,0.0155,0.009,0.012,,2020-10-22,,,,0.001,,2019-10-15,-0.001,-0.001,-0.001,-0.0015
2023-10-17,,,,0.002,,2022-10-14,0.01,0.01,0.01,0.009,,2021-10-14,,,,0.011,,2020-10-23,,,,0.0015,,2019-10-16,,,,-0.002
2023-10-18,,,,0.003,,2022-10-17,0.0085,0.0085,0.0085,0.008,,2021-10-15,0.018,0.022,0.0115,0.012,,2020-10-26,,,,0.001,,2019-10-17,,,,-0.0015
2023-10-19,,,,0.004,,2022-10-18,,,,0.007,,2021-10-18,,,,0.018,,2020-10-27,,,,0.001,,2019-10-18,-0.001,-0.001,-0.001,-0.001
2023-10-20,,,,0.004,,2022-10-19,,,,0.0075,,2021-10-19,,,,0.016,,2020-10-28,,,,0.0,,2019-10-21,,,,-0.0015
2023-10-23,,,,0.004,,2022-10-20,,,,0.008,,2021-10-20,,,,0.016,,2020-10-29,,,,0.0005,,2019-10-22,,,,-0.002
2023-10-24,,,,0.0045,,2022-10-21,,,,0.008,,2021-10-21,,,,0.0155,,2020-10-30,0.0015,0.0015,0.0015,0.0,,2019-10-23,-0.001,-0.001,-0.001,-0.001
2023-10-25,,,,0.0035,,2022-10-24,0.0085,0.0085,0.0085,0.008,,2021-10-22,0.0115,0.0115,0.0115,0.0125,,2020-11-02,,,,0.0005,,2019-10-24,,,,-0.0015
2023-10-26,,,,0.0035,,2022-10-25,0.009,0.009,0.009,0.008,,2021-10-25,,,,0.008,,2020-11-03,,,,0.0005,,2019-10-25,-0.001,-0.001,-0.001,-0.0015
2023-10-27,,,,0.0045,,2022-10-26,0.009,0.009,0.009,0.0085,,2021-10-26,,,,0.006,,2020-11-04,,,,0.0,,2019-10-28,-0.001,-0.001,-0.001,-0.001
2023-10-30,0.005,0.005,0.001,0.0045,,2022-10-27,,,,0.0085,,2021-10-27,0.005,0.005,0.005,0.0055,,2020-11-05,,,,0.0005,,2019-10-29,,,,-0.001
2023-10-31,,,,0.004,,2022-10-28,,,,0.008,,2021-10-28,,,,0.0075,,2020-11-06,,,,-0.0005,,2019-10-30,,,,-0.001
2023-11-01,,,,0.003,,2022-10-31,0.0075,0.008,0.0075,0.008,,2021-10-29,,,,0.0085,,2020-11-09,0.001,0.001,0.001,0.0005,,2019-10-31,,,,-0.0015
2023-11-02,0.003,0.003,0.003,0.0015,,2022-11-01,,,,0.0075,,2021-11-01,0.012,0.012,0.012,0.012,,2020-11-10,,,,0.0005,,2019-11-01,,,,-0.001
2023-11-03,,,,0.0035,,2022-11-02,,,,0.0075,,2021-11-02,0.012,0.012,0.008,0.0085,,2020-11-11,,,,0.001,,2019-11-04,,,,-0.0015
2023-11-06,,,,0.003,,2022-11-03,0.006,0.006,0.006,0.007,,2021-11-03,,,,0.0065,,2020-11-12,,,,0.0015,,2019-11-05,-0.001,-0.001,-0.001,-0.0015
2023-11-07,,,,0.002,,2022-11-04,0.011,0.0115,0.011,0.007,,2021-11-04,,,,0.005,,2020-11-13,,,,0.0015,,2019-11-06,,,,-0.0015
2023-11-08,,,,0.001,,2022-11-07,,,,0.007,,2021-11-05,0.006,0.009,0.006,0.006,,2020-11-16,,,,0.001,,2019-11-07,,,,-0.0005
2023-11-09,,,,0.0015,,2022-11-08,0.0115,0.0115,0.0115,0.007,,2021-11-08,,,,0.0095,,2020-11-17,,,,0.001,,2019-11-08,,,,-0.001
2023-11-10,,,,0.0,,2022-11-09,0.012,0.012,0.012,0.008,,2021-11-09,0.013,0.015,0.013,0.011,,2020-11-18,,,,0.001,,2019-11-11,-0.0005,-0.0005,-0.0005,-0.0005
2023-11-13,,,,0.001,,2022-11-10,,,,0.0105,,2021-11-10,,,,0.0105,,2020-11-19,0.001,0.001,0.001,0.001,,2019-11-12,-0.001,-0.001,-0.001,-0.001
2023-11-14,,,,0.0005,,2022-11-11,,,,0.01,,2021-11-11,,,,0.0105,,2020-11-20,,,,0.001,,2019-11-13,-0.001,-0.001,-0.001,-0.0005
2023-11-15,,,,0.0005,,2022-11-14,0.009,0.009,0.009,0.009,,2021-11-12,,,,0.006,,2020-11-23,,,,0.0005,,2019-11-14,,,,-0.0015
2023-11-16,,,,0.0015,,2022-11-15,,,,0.0085,,2021-11-15,0.004,0.004,0.004,0.004,,2020-11-24,,,,0.001,,2019-11-15,,,,-0.001
2023-11-17,,,,0.0015,,2022-11-16,0.0085,0.0085,0.0085,0.0085,,2021-11-16,,,,0.005,,2020-11-25,,,,0.0,,2019-11-18,,,,-0.0015
2023-11-20,,,,0.0015,,2022-11-17,0.008,0.008,0.008,0.006,,2021-11-17,,,,0.0045,,2020-11-27,,,,0.0005,,2019-11-19,-0.0015,-0.001,-0.0015,-0.002
2023-11-21,,,,0.0015,,2022-11-18,,,,0.0075,,2021-11-18,,,,0.0075,,2020-11-30,,,,0.001,,2019-11-20,-0.0015,-0.0015,-0.0015,-0.001
2023-11-22,,,,0.002,,2022-11-21,,,,0.0075,,2021-11-19,,,,0.0085,,2020-12-01,,,,0.0015,,2019-11-21,,,,-0.0015
2023-11-24,,,,0.001,,2022-11-22,,,,0.007,,2021-11-22,,,,0.0085,,2020-12-02,,,,0.0015,,2019-11-22,-0.001,-0.001,-0.001,-0.001
2023-11-27,,,,0.0005,,2022-11-23,,,,0.007,,2021-11-23,0.0085,0.0085,0.0085,0.009,,2020-12-03,,,,0.0005,,2019-11-25,,,,-0.0015
2023-11-28,,,,0.0015,,2022-11-25,0.005,0.005,0.0045,0.007,,2021-11-24,,,,0.009,,2020-12-04,,,,0.001,,2019-11-26,,,,-0.001
2023-11-29,,,,0.002,,2022-11-28,,,,0.0075,,2021-11-26,0.0085,0.0085,0.0085,0.0095,,2020-12-07,0.002,0.0025,0.002,0.0025,,2019-11-27,-0.0005,-0.0005,-0.0005,-0.0005
2023-11-30,0.0035,0.0035,0.0015,0.002,,2022-11-29,,,,0.0075,,2021-11-29,,,,0.01,,2020-12-08,,,,0.002,,2019-11-29,,,,-0.0015
2023-12-01,0.003,0.003,0.0025,0.0025,,2022-11-30,,,,0.009,,2021-11-30,,,,0.011,,2020-12-09,,,,0.002,,2019-12-02,,,,-0.001
2023-12-04,,,,0.0015,,2022-12-01,,,,0.008,,2021-12-01,,,,0.01,,2020-12-10,,,,0.0035,,2019-12-03,,,,-0.0015
2023-12-05,,,,0.002,,2022-12-02,,,,0.009,,2021-12-02,0.015,0.015,0.0095,0.0115,,2020-12-11,,,,0.001,,2019-12-04,-0.001,-0.001,-0.001,-0.001
2023-12-06,,,,0.0015,,2022-12-05,,,,0.008,,2021-12-03,0.0135,0.0135,0.0135,0.01,,2020-12-14,,,,0.0015,,2019-12-05,,,,-0.0015
2023-12-07,,,,0.0015,,2022-12-06,,,,0.008,,2021-12-06,,,,0.0135,,2020-12-15,,,,0.0015,,2019-12-06,,,,-0.002
2023-12-08,,,,0.0035,,2022-12-07,0.012,0.012,0.007,0.0095,,2021-12-07,,,,0.01,,2020-12-16,,,,0.002,,2019-12-09,,,,-0.0005
2023-12-11,,,,0.0025,,2022-12-08,0.009,0.0105,0.009,0.0105,,2021-12-08,,,,0.011,,2020-12-17,,,,0.0035,,2019-12-10,-0.001,-0.001,-0.001,-0.001
2023-12-12,,,,0.0035,,2022-12-09,0.0085,0.0085,0.007,0.008,,2021-12-09,,,,0.009,,2020-12-18,,,,0.0035,,2019-12-11,,,,-0.0005
2023-12-13,,,,0.0045,,2022-12-12,,,,0.006,,2021-12-10,,,,0.009,,2020-12-21,0.004,0.004,0.0035,0.002,,2019-12-12,-0.0005,-0.0005,-0.0005,-0.001
2023-12-14,,,,0.005,,2022-12-13,,,,0.008,,2021-12-13,,,,0.008,,2020-12-22,,,,0.003,,2019-12-13,-0.0005,-0.0005,-0.0005,-0.0005
2023-12-15,0.008,0.008,,0.0045,,2022-12-14,,,,0.009,,2021-12-14,,,,0.01,,2020-12-23,,,,0.003,,2019-12-16,-0.0005,,-0.0005,0.0
2023-12-18,0.005,0.005,0.005,0.004,,2022-12-15,,,,0.007,,2021-12-15,,,,0.0105,,2020-12-24,,,,0.0035,,2019-12-17,,,,-0.0005
2023-12-19,0.005,0.005,0.005,0.005,,2022-12-16,0.007,0.007,0.006,0.0065,,2021-12-16,0.0125,0.0125,0.0125,0.0115,,2020-12-28,,,,0.003,,2019-12-18,,,,-0.001
2023-12-20,0.006,0.006,0.006,0.0045,,2022-12-19,,,,0.009,,2021-12-17,,,,0.0105,,2020-12-29,0.0015,0.0015,0.0015,0.003,,2019-12-19,,,,0.0
2023-12-21,0.0045,0.006,0.004,0.0045,,2022-12-20,,,,0.009,,2021-12-20,0.0125,0.0125,0.0125,0.0135,,2020-12-30,,,,0.0025,,2019-12-20,,,,-0.0005
2023-12-22,0.0045,0.0045,0.0045,0.0045,,2022-12-21,0.011,0.011,0.011,0.0115,,2021-12-21,,,,0.014,,2020-12-31,0.003,0.003,0.003,0.0025,,2019-12-23,,,,0.0
2023-12-26,0.006,0.006,0.004,0.004,,2022-12-22,,,,0.009,,2021-12-22,0.013,0.0135,0.0125,0.0135,,2021-01-04,0.0015,0.0015,0.0015,0.0025,,2019-12-24,,,,-0.0005
2023-12-27,0.005,0.005,0.005,0.004,,2022-12-23,0.0095,0.0095,0.0095,0.0095,,2021-12-23,0.0135,0.014,0.0125,0.014,,2021-01-05,0.003,0.003,0.003,0.003,,2019-12-26,,,,-0.0005
2023-12-28,,,,0.004,,2022-12-27,0.0085,0.0085,0.0085,0.008,,2021-12-27,0.014,0.014,0.014,0.0145,,2021-01-06,0.004,0.004,0.004,0.0025,,2019-12-27,,,,-0.0005
2023-12-29,,,,0.003,,2022-12-28,,,,0.008,,2021-12-28,0.014,0.014,0.014,0.0125,,2021-01-07,,,,0.003,,2019-12-30,,,,-0.0005
2024-01-02,0.003,0.003,0.003,0.003,,2022-12-29,,,,0.0085,,2021-12-29,0.014,0.014,0.014,0.0135,,2021-01-08,0.0035,0.0035,0.0035,0.0025,,2019-12-31,-0.0005,-0.0005,-0.0005,0.0005
2024-01-03,,,,0.003,,2022-12-30,,,,0.0105,,2021-12-30,,,,0.0115,,2021-01-11,,,,0.0035,,2020-01-02,,,,0.0
2024-01-04,0.003,0.003,0.003,0.0025,,2023-01-03,0.008,0.008,0.008,0.007,,2021-12-31,0.014,0.015,0.014,0.0145,,2021-01-12,,,,0.003,,2020-01-03,,,,0.0
2024-01-05,,,,0.002,,2023-01-04,,,,0.006,,2022-01-03,,,,0.0115,,2021-01-13,,,,0.003,,2020-01-06,,,,-0.0005
2024-01-08,0.001,0.001,,0.0,,2023-01-05,,,,0.008,,2022-01-04,0.014,0.0145,0.014,0.0145,,2021-01-14,,,,0.003,,2020-01-07,,,,-0.001
2024-01-09,-0.001,-0.0005,-0.001,-0.0015,,2023-01-06,,,,0.0085,,2022-01-05,,,,0.0105,,2021-01-15,,,,0.003,,2020-01-08,,,,0.0
2024-01-10,-0.0005,,-0.0025,0.0005,,2023-01-09,,,,0.007,,2022-01-06,,,,0.0105,,2021-01-19,0.004,0.004,0.004,0.0025,,2020-01-09,-0.0005,-0.0005,-0.0005,0.0
2024-01-11,0.0015,0.0015,0.0015,0.0015,,2023-01-10,0.009,0.009,0.009,0.007,,2022-01-07,0.0145,0.0145,0.014,0.0125,,2021-01-20,0.004,0.004,0.004,0.0035,,2020-01-10,,,,-0.0005
2024-01-12,0.003,0.003,0.001,0.0005,,2023-01-11,,,,0.008,,2022-01-10,0.0115,0.0115,0.0115,0.0115,,2021-01-21,,,,0.0035,,2020-01-13,,,,0.0
2024-01-16,,,,0.0005,,2023-01-12,,,,0.0075,,2022-01-11,,,,0.0135,,2021-01-22,,,,0.003,,2020-01-14,-0.001,-0.001,-0.0015,-0.001
2024-01-17,,,,0.0005,,2023-01-13,0.0085,0.0085,0.0085,0.0075,,2022-01-12,0.014,0.014,0.014,0.014,,2021-01-25,,,,0.0025,,2020-01-15,-0.001,-0.001,-0.001,-0.001
2024-01-18,0.0025,0.0025,0.0005,0.0005,,2023-01-17,0.01,0.0105,0.01,0.0085,,2022-01-13,,,,0.014,,2021-01-26,0.0025,0.0025,0.0025,0.0025,,2020-01-16,-0.001,-0.001,-0.001,-0.001
2024-01-19,0.0005,0.0005,0.0005,0.0005,,2023-01-18,0.0105,0.011,0.0105,0.0085,,2022-01-14,,,,0.011,,2021-01-27,0.0035,0.004,0.0035,0.003,,2020-01-17,-0.001,-0.001,-0.001,-0.001
2024-01-22,-0.0005,-0.0005,-0.001,-0.0005,,2023-01-19,,,,0.01,,2022-01-18,,,,0.009,,2021-01-28,0.005,0.005,0.0025,0.005,,2020-01-21,-0.001,-0.001,-0.001,-0.001
2024-01-23,-0.001,0.0015,-0.001,0.0,,2023-01-20,,,,0.0105,,2022-01-19,,,,0.0105,,2021-01-29,,,,0.003,,2020-01-22,-0.001,-0.001,-0.001,-0.0015
2024-01-24,,,,0.0005,,2023-01-23,,,,0.008,,2022-01-20,0.014,0.014,0.014,0.0135,,2021-02-01,,,,0.003,,2020-01-23,-0.0015,-0.0015,-0.0015,-0.0015
2024-01-25,-0.0005,0.0005,-0.0005,-0.001,,2023-01-24,0.007,0.007,0.006,0.0075,,2022-01-21,0.0145,0.016,0.0145,0.0155,,2021-02-02,0.003,0.003,0.002,0.0025,,2020-01-24,,,,-0.0015
2024-01-26,-0.001,0.001,-0.0015,-0.0005,,2023-01-25,0.006,0.006,0.005,0.007,,2022-01-24,,,,0.013,,2021-02-03,0.006,0.006,0.006,0.0045,,2020-01-27,,,,-0.0015
2024-01-29,,,,0.0,,2023-01-26,,,,0.007,,2022-01-25,,,,0.0125,,2021-02-04,0.006,0.006,0.002,0.0035,,2020-01-28,-0.0015,-0.001,-0.0015,-0.0015
2024-01-30,,,,0.0,,2023-01-27,,,,0.0065,,2022-01-26,0.016,0.016,0.016,0.0125,,2021-02-05,0.0045,0.0045,0.0045,0.0055,,2020-01-29,-0.0015,-0.0015,-0.002,-0.0015
2024-01-31,0.002,0.002,0.002,0.0,,2023-01-30,,,,0.0065,,2022-01-27,,,,0.011,,2021-02-08,,,,0.006,,2020-01-30,-0.0015,-0.0015,-0.0015,-0.0015
2024-02-01,-0.0015,,-0.0015,-0.001,,2023-01-31,0.0105,0.0105,0.0065,0.0075,,2022-01-28,0.01,0.01,0.01,0.007,,2021-02-09,,,,0.0075,,2020-01-31,-0.001,-0.001,-0.0015,-0.0015
2024-02-02,-0.002,-0.002,-0.0025,-0.002,,2023-02-01,0.009,0.0105,0.0085,0.0075,,2022-01-31,,,,0.01,,2021-02-10,0.01,0.01,0.0075,0.006,,2020-02-03,-0.001,-0.001,-0.0015,-0.001
2024-02-05,-0.0025,-0.0025,-0.0035,-0.003,,2023-02-02,0.007,0.007,0.0065,0.006,,2022-02-01,0.0135,0.014,0.0135,0.011,,2021-02-11,0.003,0.006,0.003,0.006,,2020-02-04,-0.0015,-0.0015,-0.0015,-0.0015
2024-02-06,-0.004,-0.001,-0.004,-0.0025,,2023-02-03,0.0065,0.0065,0.005,0.006,,2022-02-02,0.013,0.0135,0.013,0.013,,2021-02-12,0.006,0.006,0.006,0.008,,2020-02-05,-0.0015,-0.001,-0.002,-0.002
2024-02-07,-0.002,-0.002,-0.002,-0.001,,2023-02-06,0.003,0.0055,0.003,0.006,,2022-02-03,0.0135,0.0135,0.0135,0.0115,,2021-02-16,,,,0.0085,,2020-02-06,-0.002,-0.002,-0.0025,-0.002
2024-02-08,-0.0025,-0.0015,-0.0025,-0.0015,,2023-02-07,0.0055,0.006,0.0055,0.006,,2022-02-04,,,,0.009,,2021-02-17,0.006,0.007,0.0015,0.006,,2020-02-07,-0.002,-0.002,-0.003,-0.0025
2024-02-09,-0.001,-0.001,-0.003,-0.0025,,2023-02-08,0.007,0.0075,0.007,0.0075,,2022-02-07,,,,0.0085,,2021-02-18,0.0085,0.0085,0.0085,0.008,,2020-02-10,-0.003,-0.002,-0.003,-0.002
2024-02-12,-0.002,-0.002,-0.0025,-0.0025,,2023-02-09,,,,0.008,,2022-02-08,0.0105,0.013,0.01,0.0125,,2021-02-19,,,,0.008,,2020-02-11,-0.0025,-0.0025,-0.0025,-0.0025
2024-02-13,-0.0025,-0.0025,-0.0025,-0.002,,2023-02-10,,,,0.007,,2022-02-09,0.013,0.0145,0.013,0.014,,2021-02-22,0.01,0.01,0.01,0.008,,2020-02-12,-0.002,-0.002,-0.002,-0.0025
2024-02-14,-0.003,-0.002,-0.003,-0.002,,2023-02-13,,,,0.0065,,2022-02-10,,,,0.0095,,2021-02-23,,,,0.009,,2020-02-13,-0.0025,-0.002,-0.0025,-0.002
2024-02-15,-0.002,-0.002,-0.002,-0.001,,2023-02-14,,,,0.0065,,2022-02-11,0.0095,0.01,0.008,0.0105,,2021-02-24,0.01,0.01,0.008,0.009,,2020-02-14,-0.002,-0.002,-0.002,-0.002
2024-02-16,,,,-0.0005,,2023-02-15,,,,0.0065,,2022-02-14,0.013,0.013,0.013,0.012,,2021-02-25,0.009,0.009,0.0085,0.009,,2020-02-18,-0.0025,-0.002,-0.0025,-0.0025
2024-02-20,,0.0005,-0.0005,-0.0005,,2023-02-16,,,,0.0065,,2022-02-15,,,,0.0115,,2021-02-26,0.008,0.0085,0.0075,0.0075,,2020-02-19,-0.0025,-0.0025,-0.0025,-0.0025
2024-02-21,0.002,0.002,0.0005,0.0005,,2023-02-17,,,,0.006,,2022-02-16,0.01,0.014,0.01,0.011,,2021-03-01,0.008,0.0085,0.0025,0.007,,2020-02-20,-0.003,-0.0025,-0.003,-0.0025
2024-02-22,,,-0.001,-0.001,,2023-02-21,0.006,0.006,0.006,0.007,,2022-02-17,,,,0.01,,2021-03-02,0.0025,0.0025,0.0025,0.008,,2020-02-21,-0.002,-0.002,-0.002,-0.002
2024-02-23,-0.002,0.0005,-0.0025,-0.001,,2023-02-22,0.008,0.008,0.008,0.008,,2022-02-18,,,,0.01,,2021-03-03,,,,0.006,,2020-02-24,-0.002,-0.002,-0.002,-0.002
2024-02-26,,,,-0.0025,,2023-02-23,,,,0.007,,2022-02-22,,,,0.0095,,2021-03-04,0.007,0.0085,0.007,0.005,,2020-02-25,-0.002,-0.002,-0.002,-0.0025
2024-02-27,-0.002,-0.0015,-0.0025,-0.002,,2023-02-24,0.0055,0.0055,0.0055,0.006,,2022-02-23,0.009,0.01,0.009,0.0085,,2021-03-05,0.005,0.005,0.005,0.006,,2020-02-26,-0.0015,-0.0015,-0.0025,-0.002
2024-02-28,-0.001,-0.001,-0.002,-0.0025,,2023-02-27,,,,0.006,,2022-02-24,0.0095,0.0095,0.009,0.009,,2021-03-08,,,,0.0065,,2020-02-27,-0.0015,-0.0015,-0.0015,-0.0015
2024-02-29,-0.001,-0.001,-0.002,-0.0015,,2023-02-28,,,,0.007,,2022-02-25,,,,0.0095,,2021-03-09,,,,0.006,,2020-02-28,-0.0015,-0.0015,-0.002,-0.002
2024-03-01,,,,-0.0015,,2023-03-01,0.008,0.008,0.0045,0.0075,,2022-02-28,0.0075,0.009,0.0065,0.0085,,2021-03-10,,,,0.006,,2020-03-02,-0.002,-0.001,-0.002,-0.0015
2024-03-04,-0.002,-0.002,-0.002,-0.0015,,2023-03-02,,,,0.006,,2022-03-01,0.0095,0.0095,0.0095,0.0085,,2021-03-11,0.0065,0.0065,0.006,0.006,,2020-03-03,-0.0015,-0.0015,-0.0015,-0.0015
2024-03-05,,,,-0.002,,2023-03-03,,,,0.0045,,2022-03-02,0.009,0.011,0.009,0.0095,,2021-03-12,0.006,0.006,0.006,0.0065,,2020-03-04,-0.0015,-0.0015,-0.0015,-0.0015
2024-03-06,,,,-0.003,,2023-03-06,0.0055,0.0055,0.0025,0.004,,2022-03-03,0.011,0.0145,0.011,0.0135,,2021-03-15,0.0075,0.0075,0.0075,0.0065,,2020-03-05,-0.0015,-0.0015,-0.0015,-0.0015
2024-03-07,-0.0015,-0.0015,-0.003,-0.0025,,2023-03-07,0.004,0.004,0.004,0.004,,2022-03-04,0.014,0.016,0.0125,0.0145,,2021-03-16,,,,0.0055,,2020-03-06,-0.002,-0.001,-0.002,-0.001
2024-03-08,-0.0015,-0.0015,-0.003,-0.003,,2023-03-08,0.007,0.007,0.0035,0.006,,2022-03-07,0.011,0.011,0.0065,0.005,,2021-03-17,,,,0.005,,2020-03-09,-0.0005,-0.0005,-0.002,-0.001
2024-03-11,-0.0025,-0.002,-0.003,-0.003,,2023-03-09,0.0065,0.0065,0.0065,0.0055,,2022-03-08,0.0095,0.0095,0.004,0.006,,2021-03-18,0.004,0.004,0.004,0.0055,,2020-03-10,-0.0005,-0.0005,-0.001,-0.001
2024-03-12,,,,-0.002,,2023-03-10,,,,0.005,,2022-03-09,0.0085,0.009,0.0085,0.006,,2021-03-19,,,,0.0065,,2020-03-11,-0.001,-0.001,-0.001,-0.001
2024-03-13,-0.003,0.0005,-0.003,0.001,,2023-03-13,,,,0.0055,,2022-03-10,0.011,0.012,0.011,0.0115,,2021-03-22,0.0065,0.0065,0.0045,0.0055,,2020-03-12,,,,-0.0005
2024-03-14,-0.0005,,-0.0005,-0.002,,2023-03-14,,,,0.0045,,2022-03-11,0.007,0.0125,0.007,0.0105,,2021-03-23,0.0045,0.0045,0.0045,0.0045,,2020-03-13,-0.0005,-0.0005,-0.0005,-0.001
2024-03-15,0.0005,0.0005,-0.0015,-0.002,,2023-03-15,0.0045,0.0045,0.0045,0.004,,2022-03-14,0.0075,0.0075,0.0055,0.0045,,2021-03-24,,,,0.0045,,2020-03-16,-0.002,-0.0015,-0.003,-0.002
2024-03-18,-0.002,-0.002,-0.0025,-0.002,,2023-03-16,0.0045,0.0055,0.0045,0.005,,2022-03-15,0.004,0.0055,0.004,0.004,,2021-03-25,0.0045,0.0065,0.0045,0.006,,2020-03-17,,,,-0.002
2024-03-19,-0.002,-0.002,-0.002,-0.003,,2023-03-17,0.0055,0.0055,0.0055,0.006,,2022-03-16,0.005,0.0085,0.005,0.009,,2021-03-26,,,,0.005,,2020-03-18,-0.0015,-0.0015,-0.002,-0.002
2024-03-20,-0.004,-0.0035,-0.004,-0.0035,,2023-03-20,,,,0.005,,2022-03-17,0.0095,0.0095,0.007,0.007,,2021-03-29,0.005,0.005,0.005,0.0045,,2020-03-19,-0.003,-0.0005,-0.003,-0.001
2024-03-21,-0.004,-0.004,-0.004,-0.004,,2023-03-21,0.0065,0.0065,0.0065,0.0065,,2022-03-18,0.007,0.007,0.007,0.007,,2021-03-30,0.0045,0.0045,0.0045,0.004,,2020-03-20,-0.0015,-0.001,-0.0015,-0.001
2024-03-22,-0.003,-0.003,-0.0035,-0.004,,2023-03-22,0.0065,0.0085,0.0065,0.008,,2022-03-21,0.007,0.007,0.0055,0.0055,,2021-03-31,0.0055,0.0055,0.0055,0.004,,2020-03-23,-0.0015,-0.001,-0.0015,-0.0005
2024-03-25,,,,-0.004,,2023-03-23,0.011,0.011,0.009,0.009,,2022-03-22,0.007,0.007,0.007,0.005,,2021-04-01,,,,0.003,,2020-03-24,-0.0005,-0.0005,-0.0015,-0.0005
2024-03-26,,,,-0.0045,,2023-03-24,0.0105,0.0105,0.005,0.005,,2022-03-23,0.0065,0.0065,0.0065,0.006,,2021-04-05,0.003,0.003,0.002,0.003,,2020-03-25,-0.0005,-0.0005,-0.0005,-0.0005
2024-03-27,-0.004,-0.004,-0.0045,-0.0035,,2023-03-27,0.005,0.007,0.005,0.0045,,2022-03-24,0.005,0.005,0.005,0.005,,2021-04-06,0.004,0.004,0.004,0.0045,,2020-03-26,,,,-0.001
2024-03-28,-0.0045,-0.0045,-0.0045,-0.0045,,2023-03-28,0.006,0.006,0.005,0.0045,,2022-03-25,,,,0.0045,,2021-04-07,0.004,0.004,0.004,0.0035,,2020-03-27,-0.001,-0.001,-0.001,-0.0005
2024-04-01,-0.0045,-0.0045,-0.005,-0.004,,2023-03-29,0.006,0.006,0.005,0.0045,,2022-03-28,,,,0.005,,2021-04-08,0.004,0.004,0.004,0.002,,2020-03-30,-0.0005,-0.0005,-0.0005,-0.001
2024-04-02,-0.005,-0.004,-0.005,-0.0045,,2023-03-30,0.005,0.005,0.004,0.005,,2022-03-29,0.007,0.007,0.0055,0.0055,,2021-04-09,0.004,0.004,0.004,0.003,,2020-03-31,-0.0005,-0.0005,-0.002,-0.0005
2024-04-03,-0.0045,-0.0045,-0.0045,-0.0045,,2023-03-31,0.004,0.004,0.004,0.004,,2022-03-30,0.0055,0.0055,0.0055,0.0055,,2021-04-12,0.004,0.004,0.004,0.003,,2020-04-01,-0.0005,,-0.0005,-0.0015
2024-04-04,,,,-0.0055,,2023-04-03,,,,0.004,,2022-03-31,0.005,0.0055,0.0045,0.005,,2021-04-13,,,,0.003,,2020-04-02,,,,-0.001
2024-04-05,-0.0045,-0.0045,-0.0055,-0.0055,,2023-04-04,,,,0.0045,,2022-04-01,0.0055,0.0055,0.005,0.0045,,2021-04-14,0.004,0.004,0.001,0.004,,2020-04-03,-0.001,-0.001,-0.001,-0.001
2024-04-08,-0.0045,-0.0045,-0.0055,-0.005,,2023-04-05,,,,0.0045,,2022-04-04,0.005,0.0055,0.0045,0.0055,,2021-04-15,0.0025,0.006,0.0025,0.006,,2020-04-06,-0.0005,-0.0005,-0.0015,-0.001
2024-04-09,,,,-0.0055,,2023-04-06,,,,0.0045,,2022-04-05,0.0055,0.0055,0.0045,0.004,,2021-04-16,,,,0.0055,,2020-04-07,-0.0005,-0.0005,-0.0005,-0.0005
2024-04-10,-0.0055,-0.0055,-0.0055,-0.0055,,2023-04-10,,,,0.004,,2022-04-06,0.0045,0.0045,0.0035,0.004,,2021-04-19,0.006,0.006,0.0045,0.005,,2020-04-08,-0.002,-0.002,-0.002,-0.002
2024-04-11,-0.0065,-0.0055,-0.007,-0.007,,2023-04-11,,,,0.003,,2022-04-07,0.003,0.003,0.0025,0.002,,2021-04-20,0.0055,0.006,0.0055,0.006,,2020-04-09,-0.002,-0.0005,-0.002,-0.002
2024-04-12,-0.0075,-0.006,-0.0075,-0.007,,2023-04-12,0.0025,0.004,0.0025,0.004,,2022-04-08,0.0015,0.0015,0.0015,0.001,,2021-04-21,,,,0.006,,2020-04-13,-0.0025,-0.001,-0.0025,-0.0025
2024-04-15,-0.005,-0.0025,-0.006,-0.0025,,2023-04-13,0.0025,0.0045,0.0025,0.0045,,2022-04-11,0.001,0.001,0.0005,0.001,,2021-04-22,,,,0.0055,,2020-04-14,-0.0025,-0.0015,-0.0025,-0.0015
2024-04-16,-0.003,-0.002,-0.0035,-0.0025,,2023-04-14,0.0045,0.0045,0.0045,0.0045,,2022-04-12,0.001,0.001,0.001,0.001,,2021-04-23,0.0065,0.0065,0.0065,0.006,,2020-04-15,,,,-0.0015
2024-04-17,-0.003,-0.002,-0.004,-0.003,,2023-04-17,0.0035,0.0035,0.0035,0.0035,,2022-04-13,0.0015,0.003,0.0015,0.003,,2021-04-26,0.006,0.0075,0.006,0.007,,2020-04-16,-0.002,-0.002,-0.002,-0.0015
2024-04-18,-0.0035,-0.0035,-0.0035,-0.0025,,2023-04-18,0.003,0.003,0.003,0.0025,,2022-04-14,0.0015,0.002,0.0015,0.0025,,2021-04-27,0.0075,0.0075,0.0075,0.007,,2020-04-17,,,,-0.0015
2024-04-19,-0.0025,-0.0025,-0.0025,-0.0025,,2023-04-19,0.0045,0.005,0.0035,0.003,,2022-04-18,0.0015,0.0015,0.0015,0.001,,2021-04-28,0.0075,0.009,0.0075,0.0085,,2020-04-20,-0.0025,-0.0025,-0.004,-0.005
2024-04-22,-0.003,-0.003,-0.003,-0.0025,,2023-04-20,,,,0.003,,2022-04-19,0.0015,0.0015,0.0015,0.001,,2021-04-29,0.009,0.009,0.009,0.008,,2020-04-21,-0.0035,-0.0035,-0.005,-0.0035
2024-04-23,-0.0025,-0.0025,-0.003,-0.0025,,2023-04-21,0.0025,0.003,0.0015,0.002,,2022-04-20,0.001,0.0025,0.001,0.001,,2021-04-30,,,,0.0075,,2020-04-22,-0.003,-0.002,-0.003,-0.003
2024-04-24,,,,-0.003,,2023-04-24,0.001,0.003,0.001,0.0005,,2022-04-21,,0.002,,0.0,,2021-05-03,0.0065,0.008,0.005,0.0075,,2020-04-23,-0.0035,-0.0035,-0.0035,-0.0025
2024-04-25,-0.0025,-0.0015,-0.0025,-0.002,,2023-04-25,0.0005,0.0005,-0.0005,0.0005,,2022-04-22,0.0005,0.0005,-0.0015,-0.0005,,2021-05-04,0.0075,0.008,0.007,0.0075,,2020-04-24,,,,-0.0025
2024-04-26,,,,-0.0025,,2023-04-26,0.0015,0.002,0.0015,-0.0005,,2022-04-25,-0.001,0.0025,-0.0025,0.0,,2021-05-05,0.007,0.0075,0.0065,0.007,,2020-04-27,-0.002,-0.002,-0.003,-0.0025
2024-04-29,-0.004,-0.002,-0.0045,-0.002,,2023-04-27,0.002,0.002,,0.002,,2022-04-26,0.002,0.002,0.001,-0.001,,2021-05-06,0.0075,0.0085,0.0075,0.0075,,2020-04-28,-0.002,-0.002,-0.003,-0.003
2024-04-30,-0.0025,-0.0025,-0.0035,-0.003,,2023-04-28,0.001,0.001,0.0005,0.001,,2022-04-27,0.001,0.002,,-0.001,,2021-05-07,0.008,0.009,0.008,0.008,,2020-04-29,-0.002,-0.002,-0.002,-0.0025
2024-05-01,-0.004,-0.002,-0.005,-0.0025,,2023-05-01,,0.0005,-0.0005,0.0,,2022-04-28,0.001,0.001,,-0.0005,,2021-05-10,0.009,0.009,0.0075,0.007,,2020-04-30,-0.0025,-0.0025,-0.003,-0.0025
2024-05-02,-0.0035,-0.0035,-0.0035,-0.003,,2023-05-02,,,-0.002,-0.0005,,2022-04-29,0.001,0.004,-0.0005,0.001,,2021-05-11,0.004,0.0085,0.004,0.006,,2020-05-01,-0.002,-0.002,-0.002,-0.002
2024-05-03,-0.003,-0.0025,-0.0035,-0.003,,2023-05-03,-0.0015,-0.0015,-0.0015,-0.0015,,2022-05-02,0.002,0.002,0.002,0.0015,,2021-05-12,0.0055,0.007,0.0055,0.0065,,2020-05-04,-0.002,-0.002,-0.002,-0.0015
2024-05-06,-0.002,-0.002,-0.002,-0.002,,2023-05-04,-0.002,-0.002,-0.003,-0.0025,,2022-05-03,0.002,0.002,0.0015,0.001,,2021-05-13,,,,0.004,,2020-05-05,-0.0015,-0.0015,-0.0015,-0.0015
2024-05-07,-0.0025,-0.002,-0.0025,-0.002,,2023-05-05,,,,-0.002,,2022-05-04,0.0025,0.0025,0.001,0.0015,,2021-05-14,0.0045,0.0045,0.002,0.0035,,2020-05-06,,,,-0.002
2024-05-08,-0.0025,-0.0025,-0.0025,-0.003,,2023-05-08,-0.0025,-0.0025,-0.003,-0.003,,2022-05-05,0.001,0.002,0.001,0.0015,,2021-05-17,0.0055,0.006,0.0055,0.003,,2020-05-07,-0.003,-0.002,-0.003,-0.002
2024-05-09,-0.0025,-0.001,-0.0025,-0.0005,,2023-05-09,-0.001,-0.001,-0.0025,-0.0025,,2022-05-06,0.001,0.0015,0.001,0.001,,2021-05-18,0.003,0.005,0.003,0.004,,2020-05-08,-0.0025,-0.0025,-0.003,-0.004
2024-05-10,-0.0005,0.0065,-0.0015,0.003,,2023-05-10,-0.003,-0.0025,-0.003,-0.0025,,2022-05-09,0.001,0.002,,0.0,,2021-05-19,0.0035,0.006,0.0035,0.004,,2020-05-11,-0.003,-0.003,-0.0035,-0.003
2024-05-13,0.0025,0.0085,0.0025,0.0065,,2023-05-11,-0.003,-0.002,-0.0035,-0.0025,,2022-05-10,-0.0005,-0.0005,-0.0005,-0.0005,,2021-05-20,,,,0.003,,2020-05-12,-0.0025,-0.0025,-0.0025,-0.0035
2024-05-14,0.0075,0.024,0.0045,0.02,,2023-05-12,-0.0025,-0.001,-0.0025,-0.002,,2022-05-11,,,,0.0005,,2021-05-21,,,,0.003,,2020-05-13,-0.0025,-0.0025,-0.004,-0.004
2024-05-15,0.0155,0.023,0.0055,0.004,,2023-05-15,-0.0015,-0.0015,-0.0025,-0.002,,2022-05-12,0.001,0.001,0.0005,-0.0005,,2021-05-24,0.0035,0.0035,0.001,0.0025,,2020-05-14,-0.003,-0.0025,-0.003,-0.0025
2024-05-16,0.0045,0.0075,0.001,0.002,,2023-05-16,-0.002,-0.002,-0.0025,-0.002,,2022-05-13,0.0015,0.0015,0.0005,-0.001,,2021-05-25,,,,0.0025,,2020-05-15,,,,-0.0025
2024-05-17,0.0075,0.0105,0.005,0.0095,,2023-05-17,-0.002,-0.002,-0.002,-0.002,,2022-05-16,0.0005,0.0015,0.0005,0.0015,,2021-05-26,0.0025,0.0025,0.0025,0.003,,2020-05-18,-0.002,-0.002,-0.002,-0.0025
2024-05-20,0.0065,0.012,0.004,0.008,,2023-05-18,-0.0035,-0.0035,-0.005,-0.0035,,2022-05-17,0.002,0.002,0.001,0.001,,2021-05-27,0.0025,0.003,0.0025,0.003,,2020-05-19,-0.0025,-0.0025,-0.003,-0.003
2024-05-21,0.009,0.015,0.0065,0.0135,,2023-05-19,-0.003,-0.002,-0.003,-0.0025,,2022-05-18,0.002,0.002,0.0015,0.001,,2021-05-28,0.0025,0.003,0.0015,0.002,,2020-05-20,-0.0025,-0.0025,-0.0025,-0.0025
2024-05-22,0.014,0.014,0.0055,0.0075,,2023-05-22,-0.004,-0.002,-0.004,-0.004,,2022-05-19,0.002,0.002,0.0015,0.0015,,2021-06-01,0.0025,0.0025,0.0015,0.002,,2020-05-21,-0.0025,-0.0025,-0.0035,-0.003
2024-05-23,0.0085,0.01,0.005,0.0035,,2023-05-23,-0.004,-0.003,-0.0055,-0.004,,2022-05-20,0.002,0.002,0.0005,0.001,,2021-06-02,0.0015,0.0015,0.0005,0.0015,,2020-05-22,,,,-0.0035
2024-05-24,0.0035,0.0035,,0.001,,2023-05-24,-0.004,-0.004,-0.0045,-0.004,,2022-05-23,,,,0.0015,,2021-06-03,0.0005,0.0005,,0.0,,2020-05-26,-0.004,-0.0035,-0.004,-0.0035
2024-05-28,-0.001,0.001,-0.001,0.0005,,2023-05-25,-0.003,-0.003,-0.003,-0.003,,2022-05-24,0.001,0.0015,0.0005,0.0005,,2021-06-04,0.001,0.001,,0.0005,,2020-05-27,-0.0035,-0.0035,-0.004,-0.004
2024-05-29,0.002,0.002,-0.0035,-0.0035,,2023-05-26,-0.002,-0.002,-0.002,-0.002,,2022-05-25,0.0005,0.0005,,0.0,,2021-06-07,,,-0.0005,0.0,,2020-05-28,,,,-0.004
2024-05-30,-0.0025,-0.002,-0.0025,-0.0035,,2023-05-30,-0.002,-0.0015,-0.0025,-0.0025,,2022-05-26,,,-0.0005,-0.0005,,2021-06-08,,,,0.0005,,2020-05-29,-0.0035,-0.003,-0.0035,-0.002
2024-05-31,-0.0045,-0.003,-0.0045,-0.005,,2023-05-31,-0.0015,-0.0015,-0.0015,-0.003,,2022-05-27,-0.0005,-0.0005,-0.0015,-0.0015,,2021-06-09,0.0005,0.001,,0.0005,,2020-06-01,-0.003,-0.0025,-0.003,-0.0025
2024-06-03,-0.0045,-0.002,-0.0045,-0.0015,,2023-06-01,-0.0025,-0.0015,-0.0025,-0.0025,,2022-05-31,0.001,0.001,-0.0015,-0.001,,2021-06-10,0.001,0.001,-0.0005,-0.0005,,2020-06-02,,,,-0.002
2024-06-04,0.0005,0.0005,-0.004,-0.0015,,2023-06-02,-0.0035,-0.0035,-0.0035,-0.0015,,2022-06-01,-0.0005,0.001,-0.0005,0.0,,2021-06-11,0.0005,0.0005,0.0005,0.0005,,2020-06-03,,,,-0.002
2024-06-05,-0.0005,0.0025,-0.0005,0.001,,2023-06-05,,,,-0.002,,2022-06-02,0.0015,0.0015,-0.001,-0.0005,,2021-06-14,0.0005,0.0005,-0.0005,0.0005,,2020-06-04,-0.002,-0.002,-0.003,-0.002
2024-06-06,0.0035,0.005,0.0035,0.0015,,2023-06-06,-0.002,-0.002,-0.002,-0.0005,,2022-06-03,0.001,0.001,-0.0005,0.0005,,2021-06-15,0.001,0.001,-0.001,0.0,,2020-06-05,-0.003,-0.002,-0.003,-0.002
2024-06-07,0.0005,0.0035,-0.0015,0.001,,2023-06-07,0.0005,0.0015,0.0005,0.0005,,2022-06-06,0.0005,0.0015,0.0005,0.001,,2021-06-16,-0.0005,0.0005,-0.0005,0.0,,2020-06-08,-0.003,-0.003,-0.003,-0.0025
2024-06-10,-0.0015,0.0035,-0.0015,0.0005,,2023-06-08,0.0015,0.0015,0.0005,0.0005,,2022-06-07,0.002,0.002,0.0015,0.0015,,2021-06-17,0.0005,0.0005,0.0005,0.0005,,2020-06-09,,,,-0.0025
2024-06-11,0.0015,0.004,0.001,0.003,,2023-06-09,-0.001,,-0.001,0.0,,2022-06-08,0.002,0.002,0.0005,0.002,,2021-06-18,0.001,0.001,0.0005,0.0005,,2020-06-10,-0.0025,-0.002,-0.0025,-0.002
2024-06-12,0.003,0.003,,0.001,,2023-06-12,-0.0005,-0.0005,-0.0005,-0.0005,,2022-06-09,0.0015,0.002,0.0005,0.0005,,2021-06-21,,0.001,,0.0015,,2020-06-11,-0.0025,-0.0025,-0.0035,-0.002
2024-06-13,,0.0025,-0.0005,0.003,,2023-06-13,0.002,0.002,0.002,0.001,,2022-06-10,0.0005,0.0005,-0.0005,0.0,,2021-06-22,0.002,0.0025,0.0015,0.0025,,2020-06-12,-0.0035,-0.0025,-0.0035,-0.002
2024-06-14,0.0025,0.0035,0.0025,0.002,,2023-06-14,0.003,0.003,0.003,0.0015,,2022-06-13,0.001,0.001,0.001,0.001,,2021-06-23,0.001,0.001,0.0005,0.001,,2020-06-15,-0.0025,-0.0025,-0.0025,-0.0015
2024-06-17,0.0025,0.0035,,0.0005,,2023-06-15,0.0015,0.0045,,0.0015,,2022-06-14,0.0015,0.0015,-0.0005,-0.0005,,2021-06-24,0.0025,0.0025,0.0025,0.002,,2020-06-16,-0.0025,-0.0025,-0.003,-0.002
2024-06-18,0.0015,0.0025,-0.0005,0.0025,,2023-06-16,0.003,0.0045,0.0005,0.0005,,2022-06-15,,,,0.0005,,2021-06-25,0.0005,0.002,0.0005,0.0015,,2020-06-17,-0.0025,-0.0025,-0.0035,-0.0025
2024-06-20,0.0015,0.003,-0.0005,0.0005,,2023-06-20,0.002,0.003,0.0015,0.003,,2022-06-16,-0.0005,-0.0005,-0.0015,-0.0005,,2021-06-28,0.0015,0.0015,0.001,0.001,,2020-06-18,-0.0025,-0.0025,-0.0035,-0.002
2024-06-21,,,-0.001,-0.0005,,2023-06-21,0.0025,0.004,0.0025,0.0035,,2022-06-17,-0.0005,0.0015,-0.0005,0.0005,,2021-06-29,0.0015,0.005,0.0015,0.0045,,2020-06-19,-0.0035,-0.003,-0.0035,-0.0025
2024-06-24,-0.0015,,-0.0015,-0.0005,,2023-06-22,0.0035,0.0035,0.0015,0.0015,,2022-06-21,0.0005,0.0025,,0.0005,,2021-06-30,0.003,0.0045,0.0025,0.004,,2020-06-22,-0.0025,-0.0025,-0.0035,-0.0025
2024-06-25,-0.002,-0.002,-0.002,-0.001,,2023-06-23,0.001,0.001,0.0005,0.0005,,2022-06-22,-0.0005,0.0005,-0.001,0.001,,2021-07-01,0.004,0.0055,0.0035,0.004,,2020-06-23,-0.003,-0.003,-0.004,-0.003
2024-06-26,-0.0005,-0.0005,-0.0025,-0.0035,,2023-06-26,0.001,0.002,0.001,0.0005,,2022-06-23,,,-0.0015,-0.0015,,2021-07-02,0.003,0.0045,0.002,0.0035,,2020-06-24,-0.003,-0.003,-0.004,-0.003
2024-06-27,-0.0025,-0.0025,-0.005,-0.004,,2023-06-27,,0.002,,0.001,,2022-06-24,,0.0015,-0.0015,0.0005,,2021-07-06,0.0035,0.004,0.0035,0.004,,2020-06-25,-0.0045,-0.0025,-0.0045,-0.0015
2024-06-28,-0.0025,-0.0025,-0.0055,-0.004,,2023-06-28,0.0005,0.0005,,0.0005,,2022-06-27,0.001,0.001,0.001,0.0015,,2021-07-07,0.004,0.0045,0.003,0.004,,2020-06-26,-0.0025,-0.002,-0.0025,-0.002
2024-07-01,-0.0045,-0.004,-0.0055,-0.004,,2023-06-29,0.001,0.001,0.0005,0.0015,,2022-06-28,0.0005,0.0015,0.0005,0.0005,,2021-07-08,0.0025,0.0035,0.0025,0.0025,,2020-06-29,-0.002,-0.002,-0.002,-0.002
2024-07-02,-0.004,-0.0005,-0.004,-0.001,,2023-06-30,0.002,0.002,-0.0015,-0.0015,,2022-06-29,0.0005,0.002,-0.0005,0.0,,2021-07-09,0.0035,0.0035,0.0025,0.003,,2020-06-30,-0.002,-0.002,-0.0035,-0.002
2024-07-03,-0.0005,0.002,-0.0005,0.0005,,2023-07-03,-0.0005,-0.0005,-0.0015,-0.001,,2022-06-30,,0.0005,-0.001,-0.001,,2021-07-12,0.0035,0.0045,0.003,0.004,,2020-07-01,-0.0025,-0.0025,-0.0025,-0.0025
2024-07-05,0.0025,0.017,-0.001,0.008,,2023-07-05,-0.002,-0.001,-0.0045,-0.002,,2022-07-01,,0.001,-0.0025,-0.0005,,2021-07-13,0.005,0.005,0.0045,0.0045,,2020-07-02,-0.002,-0.002,-0.002,-0.002
2024-07-08,0.0085,0.0105,0.0025,0.006,,2023-07-06,-0.0025,-0.0025,-0.0045,-0.004,,2022-07-05,0.0015,0.0015,-0.001,0.0005,,2021-07-14,0.0035,0.0035,0.0035,0.0035,,2020-07-06,-0.002,-0.001,-0.002,-0.0015
2024-07-09,0.0065,0.008,0.003,0.004,,2023-07-07,-0.0045,-0.0045,-0.006,-0.006,,2022-07-06,,0.0015,-0.0005,0.0015,,2021-07-15,0.0035,0.004,0.0035,0.0035,,2020-07-07,-0.001,-0.001,-0.0015,-0.002
2024-07-10,0.0035,0.0085,0.0035,0.0095,,2023-07-10,-0.0045,-0.003,-0.0055,-0.0045,,2022-07-07,0.001,0.001,-0.0005,-0.0005,,2021-07-16,0.0035,0.0035,0.0025,0.0035,,2020-07-08,-0.002,-0.002,-0.002,-0.0015
2024-07-11,0.008,0.008,0.003,0.003,,2023-07-11,-0.0035,-0.0035,-0.0055,-0.0045,,2022-07-08,0.001,0.0015,-0.001,0.0005,,2021-07-19,0.0025,0.0035,0.0025,0.003,,2020-07-09,-0.002,-0.002,-0.003,-0.002
2024-07-12,0.007,0.0075,0.0055,0.0085,,2023-07-12,-0.004,-0.0035,-0.0045,-0.003,,2022-07-11,0.0005,0.0015,0.0005,0.001,,2021-07-20,0.0025,0.004,0.0025,0.0035,,2020-07-10,-0.0035,-0.0035,-0.0035,-0.0025
2024-07-15,0.0055,0.0055,0.0005,0.0005,,2023-07-13,-0.0045,-0.002,-0.0045,-0.002,,2022-07-12,0.0005,0.0015,,0.0005,,2021-07-21,0.004,0.004,0.004,0.004,,2020-07-13,-0.0035,-0.002,-0.0035,-0.0025
2024-07-16,0.002,0.004,-0.0015,-0.0005,,2023-07-14,-0.0035,-0.0025,-0.004,-0.004,,2022-07-13,,0.0015,-0.0005,0.001,,2021-07-22,0.0035,0.004,0.0035,0.004,,2020-07-14,-0.0025,-0.0025,-0.0035,-0.0035
2024-07-17,-0.002,-0.002,-0.0075,-0.01,,2023-07-17,-0.002,-0.002,-0.004,-0.004,,2022-07-14,,0.001,,0.001,,2021-07-23,0.004,0.005,0.004,0.005,,2020-07-15,-0.0025,-0.0025,-0.004,-0.0035
2024-07-18,-0.0055,-0.0055,-0.009,-0.0075,,2023-07-18,-0.004,-0.0035,-0.0045,-0.004,,2022-07-15,0.0015,0.0015,0.0005,0.0005,,2021-07-26,0.0055,0.015,0.004,0.0055,,2020-07-16,-0.0025,-0.0025,-0.0035,-0.0025
2024-07-19,-0.0075,-0.005,-0.009,-0.0075,,2023-07-19,-0.0035,-0.0025,-0.004,-0.0035,,2022-07-18,,0.0005,-0.0005,0.0,,2021-07-27,0.0105,0.014,0.0015,0.0045,,2020-07-17,,,,-0.0025
2024-07-22,-0.009,-0.007,-0.0135,-0.01,,2023-07-20,-0.004,-0.003,-0.0045,-0.0035,,2022-07-19,0.001,0.001,-0.0015,-0.001,,2021-07-28,0.0035,0.0055,-0.0025,0.002,,2020-07-20,-0.0035,-0.003,-0.0035,-0.003
2024-07-23,-0.012,-0.007,-0.013,-0.0105,,2023-07-21,-0.0035,-0.0035,-0.0045,-0.0045,,2022-07-20,-0.0015,0.001,-0.0015,0.0005,,2021-07-29,0.0025,0.0025,-0.001,0.0045,,2020-07-21,-0.004,-0.004,-0.004,-0.003
2024-07-24,-0.011,-0.009,-0.012,-0.01,,2023-07-24,-0.005,-0.004,-0.006,-0.005,,2022-07-21,0.001,0.001,-0.002,0.0,,2021-07-30,0.002,0.0035,0.002,0.0035,,2020-07-22,-0.0035,-0.0035,-0.0035,-0.003
2024-07-25,-0.0085,-0.0085,-0.013,-0.012,,2023-07-25,-0.0045,-0.004,-0.005,-0.005,,2022-07-22,,,-0.0005,-0.0005,,2021-08-02,0.0015,0.004,,0.0,,2020-07-23,-0.003,-0.002,-0.003,-0.004
2024-07-26,-0.013,-0.012,-0.014,-0.012,,2023-07-26,-0.004,-0.004,-0.005,-0.0045,,2022-07-25,-0.0005,-0.0005,-0.002,-0.001,,2021-08-03,-0.0005,0.001,-0.001,-0.0005,,2020-07-24,-0.0035,-0.003,-0.004,-0.003
2024-07-29,-0.013,-0.0115,-0.013,-0.0115,,2023-07-27,-0.0055,-0.004,-0.0055,-0.0045,,2022-07-26,-0.0025,-0.002,-0.003,-0.002,,2021-08-04,-0.001,,-0.001,-0.001,,2020-07-27,-0.003,-0.003,-0.0045,-0.004
2024-07-30,-0.0125,-0.0115,-0.014,-0.0115,,2023-07-28,-0.006,-0.0045,-0.006,-0.005,,2022-07-27,-0.001,-0.001,-0.001,-0.0015,,2021-08-05,-0.001,0.001,-0.001,0.0,,2020-07-28,-0.004,-0.004,-0.005,-0.0045
2024-07-31,-0.01,-0.0095,-0.012,-0.011,,2023-07-31,-0.004,-0.0035,-0.005,-0.0035,,2022-07-28,-0.0015,-0.001,-0.002,-0.0015,,2021-08-06,-0.0005,0.001,-0.002,-0.0005,,2020-07-29,-0.0035,-0.0035,-0.0035,-0.004
2024-08-01,-0.0095,-0.0095,-0.0165,-0.012,,2023-08-01,-0.0045,-0.0025,-0.0055,-0.0065,,2022-07-29,-0.0005,0.002,-0.002,-0.0005,,2021-08-09,,0.0005,-0.001,0.0,,2020-07-30,-0.004,-0.004,-0.006,-0.005
2024-08-02,-0.015,-0.012,-0.016,-0.0125,,2023-08-02,-0.006,-0.0055,-0.007,-0.0065,,2022-08-01,0.0005,0.0015,-0.0005,0.0005,,2021-08-10,-0.001,,-0.001,-0.001,,2020-07-31,-0.0045,-0.0045,-0.006,-0.0045
2024-08-05,-0.0115,-0.0115,-0.016,-0.0125,,2023-08-03,-0.0075,-0.0075,-0.0095,-0.0075,,2022-08-02,0.0015,0.0015,0.0005,0.0005,,2021-08-11,,,-0.0015,-0.0005,,2020-08-03,-0.005,-0.0045,-0.005,-0.0055
2024-08-06,-0.0145,-0.011,-0.0145,-0.0115,,2023-08-04,-0.0085,-0.0075,-0.01,-0.0075,,2022-08-03,0.001,0.001,-0.0005,0.0,,2021-08-12,-0.0005,0.002,-0.0005,0.0005,,2020-08-04,-0.0055,-0.0055,-0.007,-0.0055
2024-08-07,-0.013,-0.012,-0.014,-0.013,,2023-08-07,-0.0085,-0.008,-0.01,-0.0085,,2022-08-04,-0.0005,-0.0005,-0.0015,-0.001,,2021-08-13,,0.001,-0.0005,0.0,,2020-08-05,-0.0055,-0.005,-0.0065,-0.0055
2024-08-08,-0.014,-0.0125,-0.015,-0.013,,2023-08-08,-0.007,-0.0065,-0.0095,-0.008,,2022-08-05,,0.0005,-0.001,-0.001,,2021-08-16,0.0005,0.0005,-0.0025,-0.002,,2020-08-06,-0.006,-0.006,-0.0065,-0.0075
2024-08-09,-0.013,-0.011,-0.0145,-0.0145,,2023-08-09,-0.008,-0.006,-0.008,-0.0065,,2022-08-08,-0.001,-0.001,-0.001,-0.001,,2021-08-17,-0.0015,-0.0005,-0.003,-0.0025,,2020-08-07,-0.007,-0.0055,-0.008,-0.006
2024-08-12,,,,-0.0135,,2023-08-10,-0.0075,-0.0075,-0.009,-0.008,,2022-08-09,-0.001,-0.0005,-0.002,-0.0015,,2021-08-18,-0.002,-0.0015,-0.003,-0.0025,,2020-08-10,-0.007,-0.005,-0.007,-0.005
2024-08-13,-0.0125,-0.0125,-0.014,-0.012,,2023-08-11,-0.008,-0.008,-0.012,-0.0095,,2022-08-10,,,-0.002,-0.0005,,2021-08-19,-0.003,-0.001,-0.0045,-0.0025,,2020-08-11,-0.005,-0.005,-0.007,-0.0055
2024-08-14,-0.0115,-0.0115,-0.0135,-0.0115,,2023-08-14,-0.0085,-0.0075,-0.01,-0.0105,,2022-08-11,-0.001,,-0.0015,-0.0005,,2021-08-20,-0.0025,0.001,-0.003,0.0,,2020-08-12,-0.005,-0.0045,-0.006,-0.005
2024-08-15,-0.013,-0.0085,-0.0135,-0.0105,,2023-08-15,-0.01,-0.008,-0.012,-0.0105,,2022-08-12,-0.0005,-0.0005,-0.002,-0.0005,,2021-08-23,0.0005,0.0025,-0.002,0.0,,2020-08-13,-0.007,-0.006,-0.0075,-0.008
2024-08-16,-0.009,-0.0085,-0.015,-0.014,,2023-08-16,-0.011,-0.0085,-0.011,-0.0105,,2022-08-15,-0.0005,,-0.0005,-0.0005,,2021-08-24,-0.0005,,-0.002,-0.0005,,2020-08-14,-0.0075,-0.0065,-0.008,-0.0065
2024-08-19,-0.014,-0.014,-0.0155,-0.0135,,2023-08-17,-0.0105,-0.009,-0.011,-0.009,,2022-08-16,-0.001,0.0005,-0.001,-0.0005,,2021-08-25,-0.001,-0.001,-0.0045,-0.0035,,2020-08-17,-0.0075,-0.0055,-0.0075,-0.006
2024-08-20,-0.014,-0.0135,-0.0155,-0.015,,2023-08-18,-0.01,-0.0065,-0.01,-0.007,,2022-08-17,-0.0005,,-0.0015,-0.001,,2021-08-26,-0.003,-0.003,-0.007,-0.004,,2020-08-18,-0.0055,-0.0045,-0.007,-0.0045
2024-08-21,-0.0145,-0.0125,-0.0155,-0.012,,2023-08-21,-0.0065,-0.006,-0.0085,-0.008,,2022-08-18,-0.0015,,-0.0015,-0.0005,,2021-08-27,-0.005,-0.003,-0.0055,-0.005,,2020-08-19,-0.0045,-0.003,-0.005,-0.0045
2024-08-22,-0.014,-0.013,-0.015,-0.0115,,2023-08-22,-0.0065,-0.0055,-0.008,-0.006,,2022-08-19,-0.001,,-0.002,-0.0005,,2021-08-30,-0.003,-0.0025,-0.006,-0.0045,,2020-08-20,-0.005,-0.0045,-0.006,-0.005
2024-08-23,-0.014,-0.013,-0.016,-0.0145,,2023-08-23,-0.0055,-0.0055,-0.0075,-0.007,,2022-08-22,-0.0015,0.002,-0.0015,0.001,,2021-08-31,-0.0045,-0.0035,-0.005,-0.005,,2020-08-21,-0.0055,-0.0035,-0.0065,-0.004
2024-08-26,-0.016,-0.016,-0.0235,-0.022,,2023-08-24,-0.007,-0.005,-0.007,-0.006,,2022-08-23,0.0015,0.0045,0.0015,0.003,,2021-09-01,-0.0045,-0.003,-0.005,-0.004,,2020-08-24,-0.0055,-0.005,-0.0065,-0.0055
2024-08-27,-0.0215,-0.0175,-0.024,-0.024,,2023-08-25,-0.005,-0.0045,-0.007,-0.005,,2022-08-24,0.0025,0.0025,,0.0005,,2021-09-02,-0.005,-0.0035,-0.005,-0.0045,,2020-08-25,-0.006,-0.0055,-0.007,-0.0055
2024-08-28,-0.023,-0.021,-0.0275,-0.023,,2023-08-28,-0.0065,-0.0055,-0.0075,-0.0065,,2022-08-25,0.001,0.0025,,0.001,,2021-09-03,-0.004,-0.0025,-0.005,-0.003,,2020-08-26,-0.0055,-0.0045,-0.0065,-0.006
2024-08-29,-0.0225,-0.021,-0.025,-0.024,,2023-08-29,-0.007,-0.0065,-0.01,-0.0095,,2022-08-26,-0.0005,0.0015,-0.001,0.0025,,2021-09-07,-0.004,-0.0015,-0.0045,-0.002,,2020-08-27,-0.0055,-0.0055,-0.0075,-0.007
2024-08-30,-0.0235,-0.0215,-0.0245,-0.0225,,2023-08-30,-0.0105,-0.0095,-0.0145,-0.013,,2022-08-29,-0.0005,0.001,-0.001,-0.004,,2021-09-08,-0.0015,-0.0005,-0.0025,-0.0005,,2020-08-28,-0.007,-0.0065,-0.0085,-0.0075
2024-09-03,-0.0225,-0.018,-0.023,-0.0205,,2023-08-31,-0.0125,-0.0105,-0.0145,-0.013,,2022-08-30,-0.0005,,-0.002,-0.0015,,2021-09-09,-0.0015,-0.0005,-0.003,-0.0015,,2020-08-31,-0.0065,-0.0055,-0.0075,-0.006
2024-09-04,-0.0205,-0.019,-0.0225,-0.021,,2023-09-01,-0.01,-0.01,-0.0125,-0.011,,2022-08-31,-0.0005,0.0005,-0.0015,0.0005,,2021-09-10,-0.002,-0.0005,-0.005,-0.002,,2020-09-01,-0.0065,-0.0055,-0.007,-0.006
,,,,,,2023-09-05,-0.0125,-0.009,-0.0125,-0.0105,,2022-09-01,,0.0035,,0.002,,2021-09-13,-0.0025,-0.0015,-0.0035,-0.002,,2020-09-02,-0.0065,-0.0055,-0.007,-0.0055
,,,,,,2023-09-06,-0.0105,-0.0095,-0.012,-0.0105,,2022-09-02,0.003,0.0045,0.0025,0.0035,,2021-09-14,-0.002,-0.0015,-0.0025,-0.002,,2020-09-03,-0.0065,-0.005,-0.0065,-0.0055
,,,,,,2023-09-07,-0.01,-0.009,-0.0135,-0.01,,2022-09-06,0.004,0.005,0.001,0.0025,,2021-09-15,-0.0015,-0.0015,-0.0025,-0.0025,,2020-09-04,-0.006,-0.005,-0.0065,-0.006
,,,,,,2023-09-08,-0.0095,-0.009,-0.0105,-0.01,,2022-09-07,0.0025,0.004,0.0005,0.0035,,2021-09-16,-0.002,-0.001,-0.0025,-0.0015,,2020-09-08,-0.0065,-0.005,-0.0065,-0.005
,,,,,,2023-09-11,-0.0085,-0.0085,-0.011,-0.0105,,2022-09-08,0.0035,0.0045,0.002,0.0035,,2021-09-17,-0.001,-0.001,-0.0025,-0.0015,,2020-09-09,-0.0065,-0.0045,-0.0065,-0.0055
,,,,,,2023-09-12,-0.011,-0.011,-0.014,-0.0135,,2022-09-09,0.0035,0.005,0.003,0.005,,2021-09-20,-0.001,0.001,-0.002,-0.001,,2020-09-10,-0.0055,-0.0045,-0.0065,-0.006
,,,,,,2023-09-13,-0.0145,-0.0125,-0.015,-0.013,,2022-09-12,0.005,0.006,0.0025,0.005,,2021-09-21,0.0005,0.001,-0.001,0.0,,2020-09-11,-0.0045,-0.0035,-0.0055,-0.0035
,,,,,,2023-09-14,-0.015,-0.0135,-0.0155,-0.014,,2022-09-13,0.0045,0.0105,0.0045,0.0105,,2021-09-22,,0.0005,-0.002,0.0,,2020-09-14,-0.004,-0.0025,-0.005,-0.003
,,,,,,2023-09-15,-0.0145,-0.0135,-0.015,-0.0135,,2022-09-14,0.0095,0.0125,0.0095,0.01,,2021-09-23,-0.001,,-0.001,0.0,,2020-09-15,-0.004,-0.001,-0.005,-0.002
,,,,,,2023-09-18,-0.0135,-0.0135,-0.0165,-0.0145,,2022-09-15,0.011,0.0125,0.0095,0.011,,2021-09-24,,0.0015,-0.001,-0.001,,2020-09-16,-0.0035,-0.0015,-0.004,-0.0025
,,,,,,2023-09-19,-0.014,-0.011,-0.015,-0.013,,2022-09-16,0.013,0.015,0.0095,0.0145,,2021-09-27,0.001,0.0025,0.0005,0.0015,,2020-09-17,-0.0025,-0.002,-0.004,-0.0025
,,,,,,2023-09-20,-0.014,-0.012,-0.0145,-0.014,,2022-09-19,0.0125,0.015,0.012,0.013,,2021-09-28,0.002,0.002,,0.002,,2020-09-18,-0.003,-0.002,-0.004,-0.002
,,,,,,2023-09-21,-0.013,-0.0105,-0.0135,-0.0125,,2022-09-20,0.0135,0.015,0.011,0.013,,2021-09-29,0.0005,0.001,-0.0005,-0.0005,,2020-09-21,-0.0035,,-0.0045,-0.0005
,,,,,,2023-09-22,-0.0125,-0.012,-0.0145,-0.014,,2022-09-21,0.012,0.0135,0.01,0.0135,,2021-09-30,,0.001,-0.0005,0.0005,,2020-09-22,-0.0005,-0.0005,-0.0035,-0.001
,,,,,,2023-09-25,-0.013,-0.009,-0.0135,-0.0105,,2022-09-22,0.013,0.0135,0.01,0.011,,2021-10-01,0.001,0.0025,-0.0005,0.001,,2020-09-23,-0.001,0.0015,-0.0025,-0.0005
,,,,,,2023-09-26,-0.01,-0.0085,-0.015,-0.0135,,2022-09-23,0.012,0.0145,0.0095,0.014,,2021-10-04,0.001,0.0025,0.001,0.002,,2020-09-24,-0.0005,,-0.0025,-0.0005
,,,,,,2023-09-27,-0.012,-0.0045,-0.012,-0.007,,2022-09-26,0.0125,0.0145,0.0095,0.0105,,2021-10-05,0.0015,0.0025,0.0015,0.0025,,2020-09-25,-0.001,,-0.0035,0.0005
,,,,,,2023-09-28,-0.0085,-0.005,-0.01,-0.0055,,2022-09-27,0.0095,0.0125,0.009,0.0115,,2021-10-06,0.003,0.0035,0.0025,0.0035,,2020-09-28,,,-0.003,-0.002
,,,,,,2023-09-29,-0.0065,-0.0045,-0.0085,-0.006,,2022-09-28,0.0125,0.0165,0.0105,0.014,,2021-10-07,0.003,0.004,0.0025,0.003,,2020-09-29,-0.0015,-0.0015,-0.0035,-0.0025
,,,,,,2023-10-02,-0.006,-0.0045,-0.0075,-0.0065,,2022-09-29,0.0135,0.016,0.012,0.0145,,2021-10-08,0.0025,0.0035,0.002,0.003,,2020-09-30,-0.003,-0.002,-0.0045,-0.003
,,,,,,2023-10-03,-0.0065,-0.005,-0.009,-0.006,,2022-09-30,0.0145,0.02,0.013,0.0175,,2021-10-11,0.0025,0.003,0.002,0.003,,2020-10-01,-0.0035,-0.0015,-0.004,-0.002
,,,,,,2023-10-04,-0.0065,-0.0005,-0.0075,-0.0055,,2022-10-03,0.019,0.0205,0.015,0.02,,2021-10-12,0.0025,0.004,0.002,0.0025,,2020-10-02,-0.001,,-0.004,-0.002
,,,,,,2023-10-05,-0.004,-0.0025,-0.0055,-0.0045,,2022-10-04,0.0175,0.02,0.017,0.0185,,2021-10-13,0.0025,0.0035,-0.0015,0.001,,2020-10-05,-0.002,-0.001,-0.0025,-0.0015
,,,,,,2023-10-06,-0.004,-0.003,-0.005,-0.0035,,2022-10-05,0.019,0.0205,0.0165,0.018,,2021-10-14,-0.0005,0.0005,-0.0025,-0.001,,2020-10-06,-0.002,-0.001,-0.0025,-0.0015
,,,,,,2023-10-09,-0.0035,-0.003,-0.0055,-0.005,,2022-10-06,0.0175,0.018,0.015,0.0165,,2021-10-15,-0.0005,0.0025,-0.002,0.001,,2020-10-07,-0.0015,-0.0015,-0.003,-0.0025
,,,,,,2023-10-10,-0.005,-0.004,-0.0055,-0.0045,,2022-10-07,0.017,0.017,0.015,0.016,,2021-10-18,0.0005,0.003,0.0005,0.002,,2020-10-08,-0.003,-0.002,-0.0035,-0.003
,,,,,,2023-10-11,-0.0045,-0.0025,-0.0055,-0.003,,2022-10-10,0.0165,0.0165,0.012,0.0145,,2021-10-19,0.0025,0.0055,0.0015,0.0035,,2020-10-09,-0.003,-0.003,-0.0055,-0.0045
,,,,,,2023-10-12,-0.0035,,-0.0045,-0.0015,,2022-10-11,0.0135,0.0135,0.0075,0.011,,2021-10-20,0.005,0.006,0.002,0.005,,2020-10-12,-0.0055,-0.0035,-0.006,-0.0045
,,,,,,2023-10-13,,0.0025,-0.001,0.001,,2022-10-12,0.011,0.012,0.01,0.011,,2021-10-21,0.0035,0.006,0.003,0.0055,,2020-10-13,-0.0045,-0.004,-0.0055,-0.0045
,,,,,,2023-10-16,0.0015,0.0015,-0.0015,-0.0005,,2022-10-13,0.011,0.016,0.009,0.0155,,2021-10-22,0.0055,0.006,0.0025,0.004,,2020-10-14,-0.005,-0.0035,-0.005,-0.0035
,,,,,,2023-10-17,,,-0.0045,-0.004,,2022-10-14,0.0155,0.016,0.0105,0.0145,,2021-10-25,0.0045,0.006,,0.002,,2020-10-15,-0.0035,-0.0035,-0.0045,-0.0035
,,,,,,2023-10-18,-0.0055,-0.004,-0.0065,-0.0045,,2022-10-17,0.0145,0.017,0.0135,0.0165,,2021-10-26,0.001,0.0025,-0.0015,-0.0005,,2020-10-16,-0.0035,-0.0035,-0.005,-0.003
,,,,,,2023-10-19,-0.004,-0.004,-0.0105,-0.008,,2022-10-18,0.015,0.0195,0.0145,0.019,,2021-10-27,-0.0005,0.001,-0.0015,-0.0005,,2020-10-19,-0.004,-0.0035,-0.0055,-0.005
,,,,,,2023-10-20,-0.0085,-0.0075,-0.016,-0.015,,2022-10-19,0.019,0.019,0.016,0.0175,,2021-10-28,-0.001,0.0015,-0.0015,-0.001,,2020-10-20,-0.0055,-0.005,-0.006,-0.005
,,,,,,2023-10-23,-0.015,-0.008,-0.015,-0.0125,,2022-10-20,0.018,0.02,0.016,0.018,,2021-10-29,0.0015,0.009,0.001,0.0075,,2020-10-21,-0.005,-0.004,-0.0055,-0.004
,,,,,,2023-10-24,-0.011,-0.009,-0.0135,-0.012,,2022-10-21,0.018,0.02,0.017,0.019,,2021-11-01,0.007,0.0085,0.006,0.0085,,2020-10-22,-0.004,-0.0035,-0.0045,-0.0045
,,,,,,2023-10-25,-0.013,-0.013,-0.017,-0.015,,2022-10-24,0.017,0.0195,0.0165,0.0175,,2021-11-02,0.0075,0.008,0.006,0.008,,2020-10-23,-0.005,-0.0035,-0.0055,-0.0045
,,,,,,2023-10-26,-0.0145,-0.013,-0.016,-0.016,,2022-10-25,0.019,0.021,0.0165,0.019,,2021-11-03,0.007,0.007,0.0025,0.005,,2020-10-26,-0.005,-0.0045,-0.0055,-0.005
,,,,,,2023-10-27,-0.0155,-0.009,-0.0165,-0.0105,,2022-10-26,0.0195,0.0305,0.0165,0.027,,2021-11-04,0.004,0.006,0.0015,0.0055,,2020-10-27,-0.005,-0.0045,-0.0065,-0.0065
,,,,,,2023-10-30,-0.009,-0.004,-0.0115,-0.009,,2022-10-27,0.0255,0.0465,0.02,0.036,,2021-11-05,0.006,0.0065,0.005,0.006,,2020-10-28,-0.0065,-0.0025,-0.007,-0.0055
,,,,,,2023-10-31,-0.004,-0.003,-0.009,-0.0075,,2022-10-28,0.038,0.044,0.0245,0.037,,2021-11-08,0.0055,0.0065,0.004,0.006,,2020-10-29,-0.0035,-0.003,-0.0055,-0.0045
,,,,,,2023-11-01,-0.0035,-0.003,-0.0055,-0.004,,2022-10-31,0.0405,0.042,0.0325,0.0385,,2021-11-09,0.0035,0.007,0.0035,0.007,,2020-10-30,-0.004,-0.0035,-0.0045,-0.004
,,,,,,2023-11-02,-0.0035,-0.0035,-0.007,-0.0055,,2022-11-01,0.035,0.0375,0.027,0.037,,2021-11-10,0.006,0.0065,0.003,0.005,,2020-11-02,-0.0045,-0.0035,-0.005,-0.0035
,,,,,,2023-11-03,-0.006,-0.006,-0.008,-0.007,,2022-11-02,0.037,0.037,0.0325,0.037,,2021-11-11,0.0035,0.005,0.0025,0.005,,2020-11-03,-0.0035,-0.0035,-0.007,-0.0055
,,,,,,2023-11-06,-0.0075,-0.0075,-0.0105,-0.0095,,2022-11-03,0.0365,0.0365,0.0255,0.0295,,2021-11-12,0.005,0.006,0.004,0.006,,2020-11-04,-0.0065,-0.005,-0.0065,-0.006
,,,,,,2023-11-07,-0.0095,-0.009,-0.01,-0.009,,2022-11-04,0.0245,0.03,0.019,0.028,,2021-11-15,0.004,0.007,0.004,0.007,,2020-11-05,-0.006,-0.0055,-0.0065,-0.0055
,,,,,,2023-11-08,-0.0095,-0.007,-0.01,-0.01,,2022-11-07,0.027,0.027,0.0225,0.026,,2021-11-16,0.005,0.007,0.005,0.007,,2020-11-06,-0.0055,-0.005,-0.006,-0.005
,,,,,,2023-11-09,-0.009,-0.005,-0.0095,-0.0055,,2022-11-08,0.0255,0.0255,0.0225,0.023,,2021-11-17,0.006,0.007,0.005,0.007,,2020-11-09,-0.0055,-0.0045,-0.0055,-0.0045
,,,,,,2023-11-10,-0.005,-0.0035,-0.006,-0.0035,,2022-11-09,0.0255,0.042,0.019,0.0415,,2021-11-18,0.005,0.0055,0.003,0.0055,,2020-11-10,-0.005,-0.005,-0.0065,-0.005
,,,,,,2023-11-13,-0.004,-0.003,-0.0045,-0.0035,,2022-11-10,0.0385,0.039,0.0325,0.038,,2021-11-19,0.0045,0.0045,-0.0005,0.001,,2020-11-11,-0.006,-0.0045,-0.006,-0.005
,,,,,,2023-11-14,-0.004,-0.001,-0.0045,-0.001,,2022-11-11,0.028,0.038,0.0245,0.0375,,2021-11-22,0.002,0.002,-0.0015,-0.001,,2020-11-12,-0.005,0.001,-0.005,-0.002
,,,,,,2023-11-15,-0.001,-0.0005,-0.0025,-0.001,,2022-11-14,0.0375,0.0375,0.014,0.0215,,2021-11-23,-0.001,,-0.002,0.0,,2020-11-13,-0.0035,-0.002,-0.0035,-0.0025
,,,,,,2023-11-16,-0.0015,0.0025,-0.0015,0.002,,2022-11-15,0.0165,0.0205,0.0115,0.0195,,2021-11-24,,,-0.002,-0.001,,2020-11-16,-0.0025,-0.0015,-0.0025,-0.002
,,,,,,2023-11-17,,0.0005,-0.0025,-0.001,,2022-11-16,0.015,0.0175,0.0085,0.0145,,2021-11-26,-0.002,-0.001,-0.0025,,,2020-11-17,-0.002,-0.0015,-0.0025,-0.0015
,,,,,,2023-11-20,-0.001,-0.001,-0.0025,-0.0015,,2022-11-17,0.0075,0.0075,-0.001,0.0015,,,,,,,,2020-11-18,-0.002,,-0.002,0.0
,,,,,,2023-11-21,-0.0025,0.0045,-0.003,0.002,,2022-11-18,0.0005,0.0005,-0.0045,0.0,,,,,,,,2020-11-19,,0.002,,0.0015
,,,,,,2023-11-22,0.0005,0.006,0.0005,0.0035,,2022-11-21,-0.001,,-0.003,0.0,,,,,,,,2020-11-20,0.001,0.0035,0.001,0.0025
,,,,,,2023-11-24,0.0055,0.0085,0.003,0.0075,,2022-11-22,,0.0045,-0.0015,0.0,,,,,,,,2020-11-23,0.0025,0.0025,-0.001,0.0015
,,,,,,2023-11-27,0.0035,0.0085,0.0035,0.0045,,2022-11-23,,,-0.0035,-0.0005,,,,,,,,2020-11-24,,0.001,-0.0005,0.0005
,,,,,,2023-11-28,0.0025,0.0075,,,,2022-11-25,-0.001,-0.001,-0.0025,-0.001,,,,,,,,2020-11-25,0.001,0.01,-0.0005,
,,,,,,,,,,,,2022-11-28,-0.0025,-0.0005,-0.0035,,,,,,,,,,,,,
